[{"model": "admin.logentry", "pk": 545, "fields": {"action_time": "2025-04-29T17:27:02.630Z", "user": 44, "content_type": 4, "object_id": "39", "object_repr": "alex_admin", "action_flag": 3, "change_message": ""}}, {"model": "admin.logentry", "pk": 546, "fields": {"action_time": "2025-04-29T17:27:56.830Z", "user": 44, "content_type": 4, "object_id": "44", "object_repr": "admin_aleksey", "action_flag": 2, "change_message": "[{\"changed\": {\"fields\": [\"First name\", \"Last name\"]}}]"}}, {"model": "auth.user", "pk": 40, "fields": {"password": "pbkdf2_sha256$1000000$kPYq4wek15dh6TscCprYdA$xhfgR+//UZTWADHy8mjKXtA7/Cglfc6faCHsod1ASg4=", "last_login": "2025-04-07T15:29:52.750Z", "is_superuser": false, "username": "Rediska", "first_name": "Ольга", "last_name": "Иванова", "email": "asdqwe@dfg.ru", "is_staff": false, "is_active": true, "date_joined": "2024-12-20T10:14:18.317Z", "groups": [], "user_permissions": []}}, {"model": "auth.user", "pk": 41, "fields": {"password": "pbkdf2_sha256$1000000$1yrkEOR1WtSRDfFsPPEwKP$hXxfjAclIs5AIiMWRr3tYnyi8kKnSmuREqce5GP/Fno=", "last_login": "2025-04-17T16:18:44.557Z", "is_superuser": false, "username": "Kartoshka", "first_name": "Саня", "last_name": "Kartofelniy", "email": "alekseykhitrov@gmail.com", "is_staff": false, "is_active": true, "date_joined": "2025-02-03T18:02:41.143Z", "groups": [], "user_permissions": []}}, {"model": "auth.user", "pk": 42, "fields": {"password": "pbkdf2_sha256$1000000$dPvZfavHDYLfZcvgNkP2Sq$jMvvv7G/KzOo33+tCG8Biet91wmdVyKQD2HbpUSCzdQ=", "last_login": "2025-04-07T17:56:19.967Z", "is_superuser": false, "username": "Kapusta", "first_name": "Петр", "last_name": "Сидоров", "email": "aaa@gmail.com", "is_staff": false, "is_active": true, "date_joined": "2025-04-06T15:13:11.127Z", "groups": [], "user_permissions": []}}, {"model": "auth.user", "pk": 43, "fields": {"password": "pbkdf2_sha256$1000000$n1tFSb6khPDNJYZudxNuiE$J7GKkhfy/R08mQZ5eiT8dmMRXWSuA2nlhMbA3clvg80=", "last_login": "2025-04-07T16:00:28.128Z", "is_superuser": false, "username": "Morkovka", "first_name": "Тоня", "last_name": "Иванова", "email": "olive.aleks@yandex.ru", "is_staff": false, "is_active": true, "date_joined": "2025-04-07T16:00:22.081Z", "groups": [], "user_permissions": []}}, {"model": "auth.user", "pk": 44, "fields": {"password": "pbkdf2_sha256$1000000$Cev3Nq1VnREHB8zqArtO3x$IRiWM9unmM5ihtSnIXl4cuvR1mAP+OlE8KGaof5t/jw=", "last_login": "2025-04-29T17:26:32Z", "is_superuser": true, "username": "admin_aleksey", "first_name": "Alexey", "last_name": "Khitrov", "email": "alekseykhitrov@gmail.com", "is_staff": true, "is_active": true, "date_joined": "2025-04-29T17:21:08Z", "groups": [], "user_permissions": []}}, {"model": "sessions.session", "pk": "01roh4fxc744ej5szpmctjdige9uy955", "fields": {"session_data": "eyJjYXJ0Ijp7fX0:1tKJcF:ABM8RVilELA1cqsHGSBiKsBvf_3wGQm6MoJz5VEZcDs", "expire_date": "2024-12-15T15:54:39.327Z"}}, {"model": "sessions.session", "pk": "027kizmx1ipqt6pwuruler2izts32c8m", "fields": {"session_data": "eyJjYXJ0Ijp7fX0:1tJqYe:4f-M6OVgRiIBNJZxETVCYtpg0o-aoXw76hP0hkLF2m0", "expire_date": "2024-12-14T08:53:00.328Z"}}, {"model": "sessions.session", "pk": "078pgqmn8156tryf4seayljfxpv9opck", "fields": {"session_data": ".eJxVjzsOgzAQRO-yNbL8wxaU6XMGtP4QnEQ2MaaIEHePiSiSZoqZtzPaDQZcyzSsi89DcNCDpND8mgbtw8cjcXeMt0RsiiUHQw6EnOlCrsn55-Vk_womXKZ6rZSiRkvG5Ki1pIY5RXk1uLEoNG2FV7RFbjmno2OuQ6VHZZG7jo5CS19LLeYC_QZCHPpaMZZQ3tCzBuYcrK8rQsG-VzKtc4rfh8T-AdNuSLg:1tVxHw:q564ZYDSiexFrQjIErz_THLbJDBhyqxXksIkgcUnFv4", "expire_date": "2025-01-16T18:29:48.609Z"}}, {"model": "sessions.session", "pk": "07zxczej7lc4jqgt62gyavwziplkx9wf", "fields": {"session_data": ".eJxVjMEOgyAQRP9lz4YgUCgee-83mGUXK22DreKhMf57NfHiZQ5v3swChGOBZgGt9vzOmEsqP2h0BZ8xUYQGnIJ1raDFufTtPMWxTbxh7eAEA9Ir5r3hJ-bHIGjIZUxB7Io42kncB47v2-GeDnqc-m2N1sRoUWHtamk6zVLV144VKu-kDt4E4y5OI3kfQmdZWuSomD0bCpII1j-6CUV4:1tKJzp:PnjQ0H13nXsItjIT59M0jTGVZN9MMMAUB4X2ZJjTsCg", "expire_date": "2024-12-15T16:19:01.974Z"}}, {"model": "sessions.session", "pk": "17bi0bitlt1qp9zs5l3izpayya0mvab1", "fields": {"session_data": "eyJjYXJ0Ijp7fX0:1tRTH5:g6rFd_AHJG8S9geS2qD0UhodX7EMyrNKqoVa7g7v_ik", "expire_date": "2025-01-04T09:38:23.986Z"}}, {"model": "sessions.session", "pk": "27q49tt4pwotk7p31dgjxpf0p2ec97fe", "fields": {"session_data": "eyJjYXJ0Ijp7IjMzIjp7InF1YW50aXR5IjoxLCJwcmljZSI6IjM2In19LCJjb3Vwb25faWQiOm51bGx9:1tU4hp:gPUFs-N475iiMdnFG0IlmjzGRprvsC2FOrRRU_AaEyo", "expire_date": "2025-01-11T14:00:45.279Z"}}, {"model": "sessions.session", "pk": "2shjr7yrov4zunclowgrxa2k0t3cchd1", "fields": {"session_data": ".eJxVjDEOgzAQBP9ydWQZG3Q2Zfq8wfKdzzFJBBKGCvH3gERDs8XO7G7AcV6g3_YHhLguJaxV5jAk6KHVcCsp8lfGk6RPHN-T4mlc5oHUqaiLVvWakvyel3s7KLGWY52tS1q00446RN8aNmgyW587oiaSz8JHGNEps_iG0RIio5eWnNgE-x9jiDxa:1tRCQq:SkBESUiFeUpTsZdTzDeL_3dr10CE89fnsHI6xOS4zAo", "expire_date": "2025-01-03T15:39:20.764Z"}}, {"model": "sessions.session", "pk": "339pw5gkq9m2vn2cubbrvmfgwkdttze9", "fields": {"session_data": ".eJx1zLFuhDAMBuB38XxCCXZCwti9z4AcxxTaCloIQ3Xi3XuRbrmBxYP_7__vILwV6O_Q1vN78FLm8ge9vcHPNotCD2QNnDeIl8AaH6qw9nqDWleJvxSdRzgfYuCjTMOx6zbMuY47eHkmli9dapI_eflYG1mXss2pqaR5pnvzvmb9fnval4GJ9-nRRiTRjJ5zNN6RSiBE6Qhd8JysBo4RW4OaqPMj2dF06kikDTG4kRKc_4d9YcI:1tG1BA:DRtI3-wpJm4Q5HDpZtjNySzArm95M0TXFGiG9vmxmhY", "expire_date": "2024-12-03T19:24:56.795Z"}}, {"model": "sessions.session", "pk": "370c5r6dgu888bbtgvwbcy9qsej2vzgd", "fields": {"session_data": ".eJxVjDEOgzAQBP9ydWQZG3Q2Zfq8wfKdzzFJBBKGCvH3gERDs8XO7G7AcV6g3_YHhLguJaxV5jAk6KHVcCsp8lfGk6RPHN-T4mlc5oHUqaiLVvWakvyel3s7KLGWY52tS1q00446RN8aNmgyW587oiaSz8JHGNEps_iG0RIio5eWnNgE-x9jiDxa:1tQ9iv:dMNwIZqid3ljll1OQvsUPpuVEhcP6PUysH-fabYYvEM", "expire_date": "2024-12-31T18:33:41.002Z"}}, {"model": "sessions.session", "pk": "3opnmnr7suqzaglvn9xa35and0ix8rrg", "fields": {"session_data": ".eJxVjDsOgzAQRO-yNbL8ix1Tps8Z0NprgpPIJMYUEeLuAYmGZop5b2aBgKVCu4Db4ztjrqn-oBUNfEoKEVoQ3FxhXRvocK5DN0-xdIk2oCycSo_hFfNO6In5MbIw5lqSZ7vCDjqx-0jxfTvc08GA07Ct0egYDUoUVnDdK-JSXHuSKJ3lyjvttb1YhcE573tD3CBFSeRIB89DgPUP8AdFsA:1tKFAh:AmbDTRHIGUUfPmJ4cH-24QWqwsrvXQ5s1T-ym7BjfMs", "expire_date": "2024-12-15T11:09:55.675Z"}}, {"model": "sessions.session", "pk": "3x5kqgdugodyoxcn938dqxfssk7fqxi7", "fields": {"session_data": "eyJjYXJ0Ijp7IjI2Ijp7InF1YW50aXR5IjoxLCJwcmljZSI6IjExOTQ3In19fQ:1sqGmh:klakkleksKJb1Gekvw2httiQh09zLRIGxtBE7mbFBZs", "expire_date": "2024-09-23T18:49:15.968Z"}}, {"model": "sessions.session", "pk": "43zty7d74iilo8ueqc35tn5ouzqh24s1", "fields": {"session_data": "eyJjYXJ0Ijp7fX0:1tJCMM:g2Prx4IHpFgGe_Y63Jf5DT8r5Q6ZYv-4aYhsAv8-_4U", "expire_date": "2024-12-12T13:57:38.381Z"}}, {"model": "sessions.session", "pk": "4hy5r158s7ivle6aqaclq653y23gx6kb", "fields": {"session_data": ".eJxVjDEOgzAQBP9ydWQZG3Q2Zfq8wfKdzzFJBBKGCvH3gERDs8XO7G7AcV6g3_YHhLguJaxV5jAk6KHVcCsp8lfGk6RPHN-T4mlc5oHUqaiLVvWakvyel3s7KLGWY52tS1q00446RN8aNmgyW587oiaSz8JHGNEps_iG0RIio5eWnNgE-x9jiDxa:1tQ9nZ:An6cwdIaf2povQpITDxn6mQEdN7vAiFS2eO6W5hN9YI", "expire_date": "2024-12-31T18:38:29.026Z"}}, {"model": "sessions.session", "pk": "4zw0hdklstawupydptzx9aykgtawdoqc", "fields": {"session_data": ".eJx1jLsOgkAQRf9lakJmH84Kpb3fQGYfCGp2EZbCGP5dMDQUNlOcc-58wPGYof6Aktt9zRxzn99QiwKGsXcBajASlgKU-hso2oLqrxdIZ1jWxKV5SLHpPdSqgIbn3DXzFMYfAY1wgJbdI8TN-DvHWypdinnsbbkl5W6n8pp8eF729vCg46lb10SE1mghdGuMRis8oVyBtI6VwZMKhCeWTkpsvfAVk2nJsfQVtsroAMsXmx5cMA:1tX0UH:f1IBt178d0TqXTKy2mhJebOKcrjLGAE4E8VXezPX418", "expire_date": "2025-01-19T16:06:53.851Z"}}, {"model": "sessions.session", "pk": "52fy049hj6eerrpp9meaz344b2fco0fy", "fields": {"session_data": "eyJjYXJ0Ijp7IjIiOnsicXVhbnRpdHkiOjEsInByaWNlIjoiNDEwIn19fQ:1tEWfu:ghSBevNsaaUROhF3a4TNDH0uKX_BmJssuolIGk_bQmc", "expire_date": "2024-11-29T16:38:30.343Z"}}, {"model": "sessions.session", "pk": "535w0y520ith7i305i6tavblhtkr3k90", "fields": {"session_data": ".eJxVjUEOgyAURO_y14YgaAGX3fcMBj6fatuAVVw0xrtXGjfdzGLmzcwGmNYpxX700MkKervmoV8Xmn8ONBz-TGfxSbEk_mHjPTFMMc-jYwVhZ7qwW_L0up7s38Bgl-FoB6k9J665dq1SphEolAgoTWidq60zgfAQQdwHJFOjkk4pVIYap0mWUbRzhm4DU-S92pjH_IGurmCaR6TjpOYXDfu-fwHPXkqk:1tPl8E:HEbng-5ZK4lq12oAPGWEPIsExOK0FS4q3tE3ce7mXrk", "expire_date": "2024-12-30T16:18:10.443Z"}}, {"model": "sessions.session", "pk": "5fa602z5l25pl9pdak44698huxedaipq", "fields": {"session_data": ".eJx1zDsOgzAQBNC7bI2Qf8Q2ZfqcAdnrdSCJIAFTRIi7B0tIiCLNFDNvdwF0Y4J6AZvjM7s-dekLtSjgPXZIUANnFwNrAeIs5CEUZxlseRL8ENJUNhP5VyjNYd1E4-bUNvNEY9OF3DM4ld7hk_q8hIfr70OJQ5_GzpeZlPs6lbch0Ou629OD1k3tdh2lCYyYYcZXWlslUGgRUdpYec-dt5FwC0EsRCTLUUuvNWpLyhuSAdYfrr1jTQ:1tQB8M:BEbYubmSZBhCrZyEIp09Hsy-CScj2CxcljFe4HAvzBo", "expire_date": "2024-12-31T20:04:02.473Z"}}, {"model": "sessions.session", "pk": "5jwv7jfep7jdaesvdxwgw7p4hjmqj8tr", "fields": {"session_data": "eyJjYXJ0Ijp7IjExIjp7InF1YW50aXR5IjoxLCJwcmljZSI6IjQ0MjUifX19:1tRTuU:fUmsEVGMy8fCqRh3IZyI7fxuTFgTZw7hhec8Ir6bbq4", "expire_date": "2025-01-04T10:19:06.264Z"}}, {"model": "sessions.session", "pk": "5lqzya48bh9f4wxiqkegogaxswkhjng7", "fields": {"session_data": "eyJjYXJ0Ijp7fX0:1tKFL1:nDX-D8mTN_feehIkkVkfU4PxMPOR8WJlGyoCsnounes", "expire_date": "2024-12-15T11:20:35.754Z"}}, {"model": "sessions.session", "pk": "62bgt1c2upc3siim53fspeo75ivc4zga", "fields": {"session_data": ".eJxVjDsOgzAQRO-yNbL8DTFl-pwBrXdNcBKZBEwRIe4ekGhoppj3ZhYgHAs0C_g9vjPmksoPGlXBZ0wUoQElL1dY1wpanEvfzlMc28Qb0BJOZUB6xbwTfmJ-DIKGXMYUxK6Ig07iPnB83w73dNDj1G9rqgMa9sqjJWssSibllGfjKYZaou02Eo2VnbGsrNZO10Y6zSo4NORg_QPwxkSp:1tGNjs:2WDzqJ_C7SBjB_29dwPZ6eVrjMflOd_NVcZsQ-Fk0Do", "expire_date": "2024-12-04T19:30:16.778Z"}}, {"model": "sessions.session", "pk": "6pzdwv1qwr1zi4utipdoi70761zpe6kb", "fields": {"session_data": "eyJjYXJ0Ijp7fX0:1tEWtT:PZfIcv5coIfJ8SNt8IV3XhSpn3b7_F7aP5HUs4mzlY8", "expire_date": "2024-11-29T16:52:31.099Z"}}, {"model": "sessions.session", "pk": "6vku7e7sml7i16e7qeac3d82wkohaebl", "fields": {"session_data": ".eJxVjDEOgzAQBP9ydWQZG3Q2Zfq8wfKdzzFJBBKGCvH3gERDs8XO7G7AcV6g3_YHhLguJaxV5jAk6KHVcCsp8lfGk6RPHN-T4mlc5oHUqaiLVvWakvyel3s7KLGWY52tS1q00446RN8aNmgyW587oiaSz8JHGNEps_iG0RIio5eWnNgE-x9jiDxa:1tRCVr:AyHV21QLUbaiaGWj2MTleq5CCwLm9SIncYnadvGKtJs", "expire_date": "2025-01-03T15:44:31.505Z"}}, {"model": "sessions.session", "pk": "6vu46jf768cqswuy97kk5r0wedez731x", "fields": {"session_data": ".eJxVjr0OgzAQg9_lZoQuISSCsXufAV1-KGmrhIYwVIh3b6hYWDz4sy1vYChl6Dfg3aGflUL2-Qs9wwrm5I2DHnjbNgL2vYKB1jwN6-LS4G0hAuFiajIvFw5inxQesTYx5OR1fUTqky71PVr3vp3Zy8BEy1TaUkrUSjAmRqUEamYl8mJwbahR2DZOYkvccI6jZbYjqUZpiNsOx0YJV0ZNXOcY_jfZ_gMul0mF:1tRGPG:eJapNt_3cEVKPDuntpbNQjyM9P35G5FGYpUVCIvDgKs", "expire_date": "2025-01-03T19:53:58.815Z"}}, {"model": "sessions.session", "pk": "6w9ud91hl3h4mqszpezmzr40lu0sdf7o", "fields": {"session_data": "eyJjYXJ0Ijp7fX0:1tEWqY:aySXuQLb0NvJ8BwE-E4U2mrgaA8qGV5OupN3Q1p-wwA", "expire_date": "2024-11-29T16:49:30.481Z"}}, {"model": "sessions.session", "pk": "6ykszh5gyxq3l8979ayg7gh4c7q6je1x", "fields": {"session_data": ".eJxVjEEOgyAURO_y14YAIhSX3fcM5sPHSttgi7hojHdvSdy4mcW8N7OBx1yg30Dwmp8VU4nlC71o4J2jD9BDe-ks7HsDA65lGtYl5CFSBQZOpUP_DKkSemC6z8zPqeToWFXYQRd2mym8rod7Ophwmf5r1CoEjRKFEVyNLXEpLiNJlNbw1lnllOlMi95a50ZNXCMFSWRJece9h_0HGoVF4g:1tJXRG:ceqh751VxIGTiWC06YXlrlrT_Qy08ilYWcdn2zbHhmc", "expire_date": "2024-12-13T12:28:06.956Z"}}, {"model": "sessions.session", "pk": "7qwz8otppfpsavj1wlmiarlipmgckmdr", "fields": {"session_data": ".eJxVjDkOwyAURO9CHSH2xWX6nMH68CE4ibBk7Mry3YMlF0k3mnnzdjLCtpZxa2kZJyQDUZzcfssA8Z3queAL6nOmca7rMgV6IvRaG33MmD73i_0TFGilv72TOWcds9FMOi9Au2SQKSuNigg9hRQ05wIEGOeDVpKj5Rh94pZJ1aURlpUM-3F8AT8DOvM:1tiGgo:9-twKQBZkUrKSidtRpN_GM32GZWGEpTzqj8QMqyKvUo", "expire_date": "2025-02-19T17:38:22.047Z"}}, {"model": "sessions.session", "pk": "8jxi7jukg18jn4066ltwmb0d8bcsihp4", "fields": {"session_data": "eyJjYXJ0Ijp7fX0:1tEWwU:JGPzLfsqgR_fJUch6OU7_x0mx4TNMvTnO2vdfUXgfu0", "expire_date": "2024-11-29T16:55:38.397Z"}}, {"model": "sessions.session", "pk": "8kxfx4e0088kjn3ym5gb2l7auxwgc92j", "fields": {"session_data": ".eJx1j80OgjAQhN9lz4R029IGjt59BrL9QVDTaikHQ3h3i-GgBy9zmPl2JrtCT0se-2X2qZ8cdCAZVN-mIXvzYU_clcIl1jaGnCZT70h9pHN9js7fTwf7UzDSPJZrpRQzWiLKQWvJDDrFeDG4sSQ0a4RXrCFuOWeDQ9eS0oOyxF3LBqGlL6WWUoZuBdS7PhcKecov6LCCR5qsLyvYoIKtAiH-IqIAhbBxecTw-Rm3N1IKUrw:1tRFlj:edkql89JDBK71L3BTedgRa2F-pk7dl9DUhAT1zAX6OM", "expire_date": "2025-01-03T19:13:07.716Z"}}, {"model": "sessions.session", "pk": "9j8ogll71pno3sfd9o9m7ctv1kk3hmqa", "fields": {"session_data": ".eJyrVkpOLCpRsqpWsgQRhaWJeSWZJZVKVoY6SgVFmcmpSlZKhgZmFkq1OkrGxjiVGJuBFRjhVGBupFRbWwsAMg8hBQ:1tX0Yn:2fZmbjSpBmiHTtqPzpCNonN3VVfQtn8Ne1SkSZnZrFM", "expire_date": "2025-01-19T16:11:33.705Z"}}, {"model": "sessions.session", "pk": "9ldv8kcbrb7zmo8ry9ae7k6d80bsrdtn", "fields": {"session_data": ".eJxVjDEOgzAQBP9ydWQZG3Q2Zfq8wfKdzzFJBBKGCvH3gERDs8XO7G7AcV6g3_YHhLguJaxV5jAk6KHVcCsp8lfGk6RPHN-T4mlc5oHUqaiLVvWakvyel3s7KLGWY52tS1q00446RN8aNmgyW587oiaSz8JHGNEps_iG0RIio5eWnNgE-x9jiDxa:1tQ9oc:mHqjgG10FggGzDABcbm28Yau0TeMNFLxc452NS6s7kU", "expire_date": "2024-12-31T18:39:34.768Z"}}, {"model": "sessions.session", "pk": "9naljzmq7h24vtwb8ecxfzwgee31l1vb", "fields": {"session_data": "eyJjYXJ0Ijp7IjMzIjp7InF1YW50aXR5IjoxLCJwcmljZSI6IjM2In19LCJjb3Vwb25faWQiOm51bGx9:1tU4gQ:9IczhRgC1IhA1nCv3yiKFHugzA7cjTh1KwNi55-xzEo", "expire_date": "2025-01-11T13:59:18.575Z"}}, {"model": "sessions.session", "pk": "a35et0spwcaqs6nagul1624u1t2nq8op", "fields": {"session_data": ".eJxVjDsOgzAQRO-ydWRtjD9ryvScAa3XTiCJbIlPhbh7gkTDlPPezAbC0wLttt-g53UZ-nXOUz8maEEbuJSR5ZPLQdKby6sqqWWZxqgORZ10Vl1N-fs43cvBwPNwrIMOgT1ZRKsloSNKTkhL8PLP826aaKy3xI6EAxrERhp20bE1bAT2Hz35OvU:1tIDb5:G5hC8gYaN_gNvdKdRQjLpgXerNTgmFeMy4xDuC5xRhA", "expire_date": "2024-12-09T21:04:47.019Z"}}, {"model": "sessions.session", "pk": "a5frvzzuxnka9ozsb5wekkht9wv41q35", "fields": {"session_data": ".eJxVjTEOgzAQBP9yNUJ2fDY2Zfq8AZ3PRyCJIAFTRIi_J0g0NFvsjHZXYJoy1CtotednoSH3-Qu1LuA99SxQg_E2wLYV0NCSu2aZZWr69AfawqmMxE8ZdpIeNNzHkschT30sd6U86FzexiSv6-GeBjqau_3QIEsyjlJQzqKwR2O4QmO9o6jFUwjmooxErFyLulWVWGS--OBtixG2HwYcRLM:1tG0U2:F4fAkxTwGwxwwgoN-TwPL-g5f6r-gBNFJMaRnNAxC_s", "expire_date": "2024-12-03T18:40:22.710Z"}}, {"model": "sessions.session", "pk": "ag219dtotiz80nl5pz8gddca51y473zz", "fields": {"session_data": ".eJxVjDEOgzAQBP9ydWQZG3Q2Zfq8wfKdzzFJBBKGCvH3gERDs8XO7G7AcV6g3_YHhLguJaxV5jAk6KHVcCsp8lfGk6RPHN-T4mlc5oHUqaiLVvWakvyel3s7KLGWY52tS1q00446RN8aNmgyW587oiaSz8JHGNEps_iG0RIio5eWnNgE-x9jiDxa:1tRD3A:vPl59DIzBqaUYIzhochvPv5w8RQsYb1zhbQyqXkFlc0", "expire_date": "2025-01-03T16:18:56.447Z"}}, {"model": "sessions.session", "pk": "ah6zickvd3r8idguaqu08rkatjyh4apv", "fields": {"session_data": "eyJjYXJ0Ijp7fX0:1tKJoH:LHU0c_93qvN3TX7iJMlzBqS-tazrerKrjvcV-hV5AFc", "expire_date": "2024-12-15T16:07:05.396Z"}}, {"model": "sessions.session", "pk": "bawoikh7ifc90q67rfns2hif6sr787qy", "fields": {"session_data": ".eJxVjMsOgyAUBf_lrhuCQKG47N5vMPeBxbbBRHRl_PfWxI3bMzNnA8Z5gXbbb9DjuuR-rWnuR4EWbIDLSMifVA4ibyyvSfFUlnkkdSjqpFV1k6Tv83QvBxlr_tfoXUoeDTah0W6wok3zGMSgiUFbio5cuAeLHCPR4EV7lGREojgmzQz7D1S6PAM:1tKKwR:0TOcXmyIhIuD85cSnR_aHjgtpAsbmtILgd6_0ajoFoA", "expire_date": "2024-12-15T17:19:35.213Z"}}, {"model": "sessions.session", "pk": "bpoqw8ppzifgzp2d4p9xqp8d47dmon63", "fields": {"session_data": ".eJxVjMsOgyAUBf_lrhuCQKG47N5vMPeBxbbBRHRl_PfWxI3bMzNnA8Z5gXbbb9DjuuR-rWnuR4EWbIDLSMifVA4ibyyvSfFUlnkkdSjqpFV1k6Tv83QvBxlr_tfoXUoeDTah0W6wok3zGMSgiUFbio5cuAeLHCPR4EV7lGREojgmzQz7D1S6PAM:1tKKsb:Nnyu_hGA8_WuNY6RhohPQSWrZL6JDS2RQmeVUI2Bg40", "expire_date": "2024-12-15T17:15:37.579Z"}}, {"model": "sessions.session", "pk": "cvxjyhe1mhua5gy86pae6z2ka2gnrnen", "fields": {"session_data": ".eJxVjDEOgzAQBP9ydWQZG3Q2Zfq8wfKdzzFJBBKGCvH3gERDs8XO7G7AcV6g3_YHhLguJaxV5jAk6KHVcCsp8lfGk6RPHN-T4mlc5oHUqaiLVvWakvyel3s7KLGWY52tS1q00446RN8aNmgyW587oiaSz8JHGNEps_iG0RIio5eWnNgE-x9jiDxa:1tRCoZ:KIW1sYqJZYmSKfA1ZVocutceKRPwLw2usY1klWJD-8o", "expire_date": "2025-01-03T16:03:51.843Z"}}, {"model": "sessions.session", "pk": "d0v6yq57d34y1xvhqmxngbvd3iu54lqd", "fields": {"session_data": ".eJxVjDkOwjAUBe_iGlk_xAumpOcMlv9iHEC2FCcV4u4QKQW0b2beS8W0LiWuXeY4sTqrQR1-N0z0kLoBvqd6a5paXeYJ9abonXZ9bSzPy-7-HZTUy7cmBs_BkRHKQSCfDLpAloLnTDgAeAmjzUf0gjBazwZDYkuWrUgGp94fDiI5Bw:1siuN6:ti4d8aH7sgSBWL_AXDZaLpY8-iPjBiii3LF3k2igVNc", "expire_date": "2024-09-10T11:28:24.827Z"}}, {"model": "sessions.session", "pk": "ditow9zcs6nh83jw2u0wjj4ybeg0fan5", "fields": {"session_data": ".eJxVjjsOgzAQRO-yNUJrY2ygTJ8zoPWHQBLZxJgiQtw9kCBFNFvMe5rZBQzFBM0C9X5eM_k0pDc0DDMY42AcNMBQVrBmwMXZqf6KlLuyOS3NqW_nycV2sBsQCKdQk3k4vxN7J38LuQk-xUHnu5IfdMqvwbrn5XBPBT1N_W8QtRKMiU4pgZpZiXwLuDZUKCwLJ7EkbjjHzjJbk1SdNMRtjV2hhNtKTZjH4L9vsvUDqiNTNw:1tRHeq:aiApKRb-UARjbAKrquqo7qohDQlEA7LBavJGN3AT_s4", "expire_date": "2025-01-03T21:14:08.546Z"}}, {"model": "sessions.session", "pk": "dyhhrflxhnndyg0ylnmqb5q7m71hb52v", "fields": {"session_data": ".eJxVjDEOgzAQBP9ydWQZG3Q2Zfq8wfKdzzFJBBKGCvH3gERDs8XO7G7AcV6g3_YHhLguJaxV5jAk6KHVcCsp8lfGk6RPHN-T4mlc5oHUqaiLVvWakvyel3s7KLGWY52tS1q00446RN8aNmgyW587oiaSz8JHGNEps_iG0RIio5eWnNgE-x9jiDxa:1tRCS8:GlwOsZk4hDV_sdWq60s_IGB-gs7038PM-RgcvI-x8g8", "expire_date": "2025-01-03T15:40:40.383Z"}}, {"model": "sessions.session", "pk": "dzl1uufueif6m2s8w7y5aio6fh8di80i", "fields": {"session_data": ".eJxVjDsOgzAQRO-ydWStjVkHyvQ5A1r_gpMIEmOKCHH3gERDM8W8N7OA41ygXaDZ4zvzUFL5QSsv8MnJBWhBIl1hXS_Q8Vz6bp5C7pLfgEY4lZbdKww78U8eHqNw41BysmJXxEEncR99eN8O93TQ89RvayJCa7SUOhqj0UpPqLZCWceVwboKhDUrpxRGL33DZCI5Vr7BWBkdYP0DwClEVA:1tRFo2:0iKxMwOX5ylXU9Te2ZgbGljbaDu7X-TG3JdFMAmST1Q", "expire_date": "2025-01-03T19:15:30.789Z"}}, {"model": "sessions.session", "pk": "e7p0cs81ztlljyvhqau7lu49fio2mkmm", "fields": {"session_data": ".eJxVjDsOgzAQBe_iOrLiD7CmTM8Z0HrXDiSRLRlTIe4ekCiS9s282cSIa53GdQllnFn0wrTi9jt6pHdIJ-EXpmeWlFMts5enIi-6yCFz-Dwu9y8w4TIdbzDeRW6ZtXbsnKWmQ7KeVBNCBI0qEmlQqkPvLBgVNYBTwfjuzoYjHFHCUkW_7fsXZhU7yw:1tJ8LV:M05F_Vt1xq3j9vBkOVx6QIoz5TZOvv4zWdO-Wg1s8to", "expire_date": "2024-12-12T09:40:29.449Z"}}, {"model": "sessions.session", "pk": "ed4mq9s69t65fz8b83buugr28079q0le", "fields": {"session_data": "eyJjYXJ0Ijp7fX0:1tOHNh:bLlIaoqglhL_hTy6ulQHh0kv91vm2FwXDfk07omnVRQ", "expire_date": "2024-12-26T14:20:01.812Z"}}, {"model": "sessions.session", "pk": "eeemblhxdeou74rntu2bm4oyistu286p", "fields": {"session_data": "eyJjYXJ0Ijp7fX0:1tEX5l:haLtyFCLvzyBdnNpH5XwrMbcR177RuebBzBLRtLiWOc", "expire_date": "2024-11-29T17:05:13.071Z"}}, {"model": "sessions.session", "pk": "ekyuq76gwwsmwgn7weazf3bbd2112lwa", "fields": {"session_data": ".eJxVjDEOgzAQBP9ydWQZG3Q2Zfq8wfKdzzFJBBKGCvH3gERDs8XO7G7AcV6g3_YHhLguJaxV5jAk6KHVcCsp8lfGk6RPHN-T4mlc5oHUqaiLVvWakvyel3s7KLGWY52tS1q00446RN8aNmgyW587oiaSz8JHGNEps_iG0RIio5eWnNgE-x9jiDxa:1tQ97D:y4Z9zkxKEHj9vjABfh2KL5ZwV9VVVvjytQLKTFr2xmQ", "expire_date": "2024-12-31T17:54:43.483Z"}}, {"model": "sessions.session", "pk": "enbvfjal1sz5hrkrzy5971hc8c25fj3e", "fields": {"session_data": "eyJjYXJ0Ijp7IjkiOnsicXVhbnRpdHkiOjEsInByaWNlIjoiMTA2OCJ9fX0:1tOZsu:WBX6ph794UTH3onKc1dFoK0CeO7KzdO8ooWzc_-7m9g", "expire_date": "2024-12-27T10:05:28.103Z"}}, {"model": "sessions.session", "pk": "equ0gca5s09e8oma7xzwauebutm7b1ah", "fields": {"session_data": ".eJxVjDEOgzAQBP9ydWQZG3Q2Zfq8wfKdzzFJBBKGCvH3gERDs8XO7G7AcV6g3_YHhLguJaxV5jAk6KHVcCsp8lfGk6RPHN-T4mlc5oHUqaiLVvWakvyel3s7KLGWY52tS1q00446RN8aNmgyW587oiaSz8JHGNEps_iG0RIio5eWnNgE-x9jiDxa:1tRD1t:lMPZIHBhwOfxl7AFutt0gE9Q--HZvsWHNiGmBanOXtQ", "expire_date": "2025-01-03T16:17:37.237Z"}}, {"model": "sessions.session", "pk": "ex90qs6jjfcwbo67oxwet7p5em70h87v", "fields": {"session_data": ".eJxVjDEOgzAQBP9ydWQZG3Q2Zfq8wfKdzzFJBBKGCvH3gERDs8XO7G7AcV6g3_YHhLguJaxV5jAk6KHVcCsp8lfGk6RPHN-T4mlc5oHUqaiLVvWakvyel3s7KLGWY52tS1q00446RN8aNmgyW587oiaSz8JHGNEps_iG0RIio5eWnNgE-x9jiDxa:1tQ9In:2ZvDmMolYQwY2Xe8dMCqM4qHiGjUFtVp-PGO3XY9nvk", "expire_date": "2024-12-31T18:06:41.503Z"}}, {"model": "sessions.session", "pk": "f37vv2w4w29tmeznzhdi780yh26vk0il", "fields": {"session_data": "eyJjYXJ0Ijp7fX0:1tEWdk:RczXu3LM8tcPn7q-fhdI7Gib80c5x8V4ybKnLkwrqH0", "expire_date": "2024-11-29T16:36:16.778Z"}}, {"model": "sessions.session", "pk": "f4uzasffx6tzg2gl1leazoh5qmns30v2", "fields": {"session_data": ".eJxVjkEOgyAURO_y18YAagGX3fcMBj6fStuAVVg0xrtXGzfdzGLezGRWQDNn6FfQh7yLiTnkD_S8gmkOSNADZxcF21bBYEoeh7LQPAS3g5bBn2kNPikexD1MvKcaU8xzsPURqU-61Lfk6HU9s38Do1nGve0b5RgxxZTtpNStQCGFx0b7zlpurPaEuwhiziNpjrKxUqLU1FpFzTGKqUwp_m522xf0qUqm:1tPlGB:Or6dW0akXiLRc9m5VBgrECaNyj8iS5ZsIo69yUcO9D0", "expire_date": "2024-12-30T16:26:23.788Z"}}, {"model": "sessions.session", "pk": "fe0pssqogqd4smmo6jvm3qr93mqqdg62", "fields": {"session_data": ".eJxVjDsOgzAQRO-ydWRhr-21KdPnDGj9CyQRSBgqxN0DEg3lzHszG0SeF2i3_QEdr0vfrTXP3ZCgBQW3LnD85vEE6cPjexJxGpd5COJUxEWreE0p_56XezvoufbHWiJabVH76Bst2avsFDkuDaWojyTRkLNYXDKSiLQrwbAmDFYlzh5h_wPsRDnr:1tBeIU:sgMCmvOZ-HMfT1DZoZQOX87ymgo_qYKjLaQApEdp5qU", "expire_date": "2024-11-21T18:10:26.635Z"}}, {"model": "sessions.session", "pk": "flmwke1yxp3xmvo36x4aegeefesjvhx5", "fields": {"session_data": "eyJjYXJ0Ijp7fX0:1tEXlC:g5e-wriehtG_v4tW4AKZwTEweyuM2UZOehLoj-qMQC8", "expire_date": "2024-11-29T17:48:02.047Z"}}, {"model": "sessions.session", "pk": "fm3pllx7gn67jovmkyltdib1wz6hs3j1", "fields": {"session_data": ".eJxVjDEOgzAQBP9ydWQZG3Q2Zfq8wfKdzzFJBBKGCvH3gERDs8XO7G7AcV6g3_YHhLguJaxV5jAk6KHVcCsp8lfGk6RPHN-T4mlc5oHUqaiLVvWakvyel3s7KLGWY52tS1q00446RN8aNmgyW587oiaSz8JHGNEps_iG0RIio5eWnNgE-x9jiDxa:1tRCzR:oqB_IerQHzfYnGsY2JrSvNeJQBLi5Y0mTwMKRdurCz0", "expire_date": "2025-01-03T16:15:05.141Z"}}, {"model": "sessions.session", "pk": "fm5kynxn4lwmytjwr6b2kd0r2pe0bfcf", "fields": {"session_data": ".eJxVjDEOgzAQBP9ydWQZG3Q2Zfq8wfKdzzFJBBKGCvH3gERDs8XO7G7AcV6g3_YHhLguJaxV5jAk6KHVcCsp8lfGk6RPHN-T4mlc5oHUqaiLVvWakvyel3s7KLGWY52tS1q00446RN8aNmgyW587oiaSz8JHGNEps_iG0RIio5eWnNgE-x9jiDxa:1tQ96v:lXzU08WUSboXQcJ3q72wJQL4x0VzdIFlQURuYko-kKM", "expire_date": "2024-12-31T17:54:25.132Z"}}, {"model": "sessions.session", "pk": "fwuk0jwuw21mbiontljym5094jw2biph", "fields": {"session_data": "eyJjYXJ0Ijp7IjYiOnsicXVhbnRpdHkiOjQsInByaWNlIjoiNzYzIn19fQ:1t1MC0:EPv-pXvEOomoA4Eiea83rB1JIkRlsKMvzoj1TAuCuuI", "expire_date": "2024-10-24T08:49:12.541Z"}}, {"model": "sessions.session", "pk": "fzapqfytifs9auwxgx8346qzch4bug70", "fields": {"session_data": ".eJxVjzsOgzAQRO-yNbL8wxaU6XMGtP4QnEQ2MaaIEHePiSiSZoqZtzPaDQZcyzSsi89DcNCDpND8mgbtw8cjcXeMt0RsiiUHQw6EnOlCrsn55-Vk_womXKZ6rZSiRkvG5Ki1pIY5RXk1uLEoNG2FV7RFbjmno2OuQ6VHZZG7jo5CS19LLeYC_QZCHPpaMZZQ3tCzBuYcrK8rQsG-VzKtc4rfh8T-AdNuSLg:1tVxt6:pEvvXdYAJSw38pmrXSabYtGF6XgIVZWelM7G_wzDASg", "expire_date": "2025-01-16T19:08:12.482Z"}}, {"model": "sessions.session", "pk": "g5r7726am5eixdn4y5t87aftb28xbxss", "fields": {"session_data": ".eJx1jjEOgzAMRe_iGaGQgEwYu_cMKHGcQlslbQhDhbh7oWJh6PIHv_e_vACZlKFbQMk937MJecwf6KoCXmkkhg5QwlqAxL-CFEIgrJvUmzkP_Txx6ke3kVrA6WgNPTjsxN1NuMWSYshptOWulAedymt0_Lwc7mlgMNOwtb1qnWDRitY2iLqWJFF6Uto31lbGas-0hWThPLGuCJVFJNRc25bVPkpxfsXwe1OtX7KOVJ0:1tOb9f:GFIofk7fpSS7ImwpVJrfgYYVnCtuE5qLt8nTEaRvJfU", "expire_date": "2024-12-27T11:26:51.142Z"}}, {"model": "sessions.session", "pk": "g84akct9immgyurrqzu0m07zayssku50", "fields": {"session_data": ".eJxVjb0OgzAQg9_lZoQuhCSEsXufAeXyU9JWoYUwVIh3b5AY2sWD_dneYDBrHod18fMQHfTAO6h-TTL24dORuLtJt6m2U8pzpPpA6jNd6uvk_PNysn8Do1nG0pZChVa54FiHTJD0nIQmYVVg1HCPpC2TBjkn20hyLjBEqdAVxVYTllFr5gz9BvqQ92pSjvkDPavgNUfrywlD2cG-719_x0S0:1tLP2S:hLG3TozKWihL-4bpTloV959nGZWPuPb33qHQ_xaqFu8", "expire_date": "2024-12-18T15:54:12.260Z"}}, {"model": "sessions.session", "pk": "gx7ffdsxbm7byly4b9ibnfaa5zzff2vj", "fields": {"session_data": ".eJxVjDsOg0AMBe_iOlrBYlgvZXrOgLy2CSQRSHwqxN0TJBraNzNvB-F5hXo_HtDytvbtttjcDgo1FBFuY2L52HgSffP4mpxM4zoPyZ2Ku-jimknt-7zc20HPS_-vLUY0DSgkRonQonWaJeYgFPJcfYclViTBMxaJclQfKVQ-lpRlZWVw_ABvfDse:1tX0t1:QEWI8H7uiaWZRlwDPqi-x7-BnGyVwasHurVxREjy5Ts", "expire_date": "2025-01-19T16:32:27.180Z"}}, {"model": "sessions.session", "pk": "hjdrcwno0oco561eul8tymlmlrkcthtu", "fields": {"session_data": ".eJxVjMsOgyAUBf_lrhuCQKG47N5vMPeBxbbBRHRl_PfWxI3bMzNnA8Z5gXbbb9DjuuR-rWnuR4EWbIDLSMifVA4ibyyvSfFUlnkkdSjqpFV1k6Tv83QvBxlr_tfoXUoeDTah0W6wok3zGMSgiUFbio5cuAeLHCPR4EV7lGREojgmzQz7D1S6PAM:1tJXge:I-xHKI9HSM-XB2RVz_CgeqYvDS0mdJqB789MlKZiCbU", "expire_date": "2024-12-13T12:44:00.969Z"}}, {"model": "sessions.session", "pk": "hqiyq2jz1cvxb4quewvmrnuzjybuyo4y", "fields": {"session_data": "eyJjYXJ0Ijp7fX0:1tKJs8:uaR0c0SSSycwcEV70umVybNKAHJpfFrQDdb9Lus0YcM", "expire_date": "2024-12-15T16:11:04.350Z"}}, {"model": "sessions.session", "pk": "htf0t2qdd0uhjqjq4zm1rufhvn9x7nhh", "fields": {"session_data": ".eJxVjDsOgzAQRO-ydWStjVkHyvQ5A1r_gpMIEmOKCHH3gERDM8W8N7OA41ygXaDZ4zvzUFL5QSsv8MnJBWhBIl1hXS_Q8Vz6bp5C7pLfgEY4lZbdKww78U8eHqNw41BysmJXxEEncR99eN8O93TQ89RvayJCa7SUOhqj0UpPqLZCWceVwboKhDUrpxRGL33DZCI5Vr7BWBkdYP0DwClEVA:1tVxBd:yDNjq29yYOJ5S69kqZqNUYdIt62hN35luz9y4uH4GKE", "expire_date": "2025-01-16T18:23:17.847Z"}}, {"model": "sessions.session", "pk": "htiis8332lhzi6cg9c0xqz6r2zqypxm0", "fields": {"session_data": ".eJxVjDsOgzAQRO-ydWT5FxtTps8Z0NprgpPIJMYUEeLuAYmGZop5b2aBgKVCu4DQe35nzDXVH7TiAp-SQoQWhGgaAet6gQ7nOnTzFEuXaCPKwqn0GF4x74SemB8jC2OuJXm2K-ygE7uPFN-3wz0dDDgN2xqNjtGgRGEF170iLkXTk0TpLFfeaa_t1SoMznnfG-IGKUoiRzp4HgKsf0bkRhA:1tKgUU:hDWrMWBVLWz7u3V4vPZzHoNkIdeRJjyZLH4P9FUobE4", "expire_date": "2024-12-16T16:20:10.225Z"}}, {"model": "sessions.session", "pk": "ilosc2w5markhfx3d7b6zbkehvhvdzwr", "fields": {"session_data": ".eJxVjDEOgzAQBP9ydWQZG3Q2Zfq8wfKdzzFJBBKGCvH3gERDs8XO7G7AcV6g3_YHhLguJaxV5jAk6KHVcCsp8lfGk6RPHN-T4mlc5oHUqaiLVvWakvyel3s7KLGWY52tS1q00446RN8aNmgyW587oiaSz8JHGNEps_iG0RIio5eWnNgE-x9jiDxa:1tRCUK:GZAOeK0X0AR7cAUlRodWEdjH8DDIBCCk71JltutcY9E", "expire_date": "2025-01-03T15:42:56.899Z"}}, {"model": "sessions.session", "pk": "inc4golozhmds44y3yke3ech3pgs229s", "fields": {"session_data": ".eJxVjEsOgzAMBe_idRUlsSMUlt33DMixQ0NbBYnPCnH3gsSG7ZuZt4HwtEC77Q_oeF1Kt8556gaFFryF25hYvrmeRD9c36ORsS7TkMypmIvO5jVq_j0v93ZQeC5HLU1i1OgikxASWxUXXFSMklNjmfqDZCTbI6kj74Nv0AavLgVGCbD_AVV5Ovw:1tGO0X:9ShUDczg4XEj_wYE40D9qQKjJ7CZ7KsEv26Pmol9So0", "expire_date": "2024-12-04T19:47:29.853Z"}}, {"model": "sessions.session", "pk": "iz8izyl2erpcuuqo3m91gizvzicb9s5y", "fields": {"session_data": "eyJjYXJ0Ijp7IjE0Ijp7InF1YW50aXR5IjoxLCJwcmljZSI6IjExODgxIn19fQ:1tJCIS:UmY1UqX4Dv4HkF26mWGpXDnSIragd_ofM06KfI_DfMI", "expire_date": "2024-12-12T13:53:36.689Z"}}, {"model": "sessions.session", "pk": "j3gtkjp8ztauccz3pbk1ikfnnfym0yqh", "fields": {"session_data": ".eJxVjDsOgzAQRO-ydWT5FxtTps8Z0NprgpPIJMYUEeLuAYmGZop5b2aBgKVCu4DQe35nzDXVH7TiAp-SQoQWhGgaAet6gQ7nOnTzFEuXaCPKwqn0GF4x74SemB8jC2OuJXm2K-ygE7uPFN-3wz0dDDgN2xqNjtGgRGEF170iLkXTk0TpLFfeaa_t1SoMznnfG-IGKUoiRzp4HgKsf0bkRhA:1tJCP9:wCgFCmMwClVb39jT3gWMApfB9Rrmp2pwm47vqZXvm3g", "expire_date": "2024-12-12T14:00:31.746Z"}}, {"model": "sessions.session", "pk": "ja5z10l0vwnmzot2f7dz5o4sprfsb7tk", "fields": {"session_data": ".eJxVjDsOgzAQRO-yNbL8ix1Tps8Z0NprgpPIJMYUEeLuAYmGZop5b2aBgKVCu4Db4ztjrqn-oFUNfEoKEVoQ3FxhXRvocK5DN0-xdIk2oCycSo_hFfNO6In5MbIw5lqSZ7vCDjqx-0jxfTvc08GA07Ct0egYDUoUVnDdK-JSXHuSKJ3lyjvttb1YhcE573tD3CBFSeRIB89DgPUP8YNFsg:1tJVUH:kkfTyogMte3PaK0SAVCaIhTlsBK4f5oSJ0hgVRmBc74", "expire_date": "2024-12-13T10:23:05.852Z"}}, {"model": "sessions.session", "pk": "jpm9qw86m379pu0hf522d9noiv83cywn", "fields": {"session_data": ".eJxVTksOgyAQvQvrhiBoBlx23zMYZhiqbQON6Mp490rjot285H3zNjH4dRmHtfA8TEH0olXi8iuipyen6oSHT_csKadlnlDWiDzdIm858Ot6Zv8GRl_Gox2NDYqVVRY7ANdq0qAjGRc7xMaji0wHaFYhEruGwCAAgeMWLZs6Snl95_S9qQ_m50X0275_ANCHQPY:1tQAye:j1UXpb961PFWQaMcqMofpwlEiQybJidX9b8h1tZE5Bw", "expire_date": "2024-12-31T19:54:00.531Z"}}, {"model": "sessions.session", "pk": "jtpcc0nf4fdd5dg1yvaxqer3fni8h40t", "fields": {"session_data": ".eJxVjbEOgzAQQ__lZhSRcJCEsXu_AV2So6StQgthqBD_XpAY2sWD_Wyv0NGSh26ZeepigBYqC8Wv6cg_OB1JuFO6jcKPKU_RiQMRZzqL6xj4eTnZv4GB5mFvs7XIQaM3no0zyJb7UDoi7Y2WMqgea2yM14qwckZiUNboRtnalGXd8D7qacrQrlAd8l4o5Zg_0MoCXlP0vJ-glrBt2xdZqkSS:1tQAoL:K0cW8fhpswsnbSrDemo803Ym5840__PavceNqfv8yA4", "expire_date": "2024-12-31T19:43:21.620Z"}}, {"model": "sessions.session", "pk": "jv9hqk7cyuxn1e4p4z0csv9dxz1z1aqu", "fields": {"session_data": "eyJjYXJ0Ijp7IjkiOnsicXVhbnRpdHkiOjEsInByaWNlIjoiMTA2OCJ9fX0:1tKKF3:PfjGXvK9MmOwXM-ZNrDULUUAvlzUKBI8d0tpF8pSX_o", "expire_date": "2024-12-15T16:34:45.172Z"}}, {"model": "sessions.session", "pk": "kn1v6vbfctg1wb8xwms0tv9umwp8fa1q", "fields": {"session_data": ".eJyrVkpOLCpRsqpWsgQRhaWJeSWZJZVKVoY6SgVFmcmpSlZKhgZmFkq1OkAaVYkRQomxhamlUm1tLQDFkBfS:1stAr7:UevZ-zxZI8NJhw7YVA-MviyxqdpOrhVuVgIoR9kI6Q4", "expire_date": "2024-10-01T19:05:49.214Z"}}, {"model": "sessions.session", "pk": "kypmvob7bx4h1gejw8qo6rhlf89b4cc1", "fields": {"session_data": "eyJjYXJ0Ijp7fX0:1tRTJs:dTH0qpspnRPTmBPXyFMMGQagnil5ZpKJ4Iauui4bonU", "expire_date": "2025-01-04T09:41:16.127Z"}}, {"model": "sessions.session", "pk": "l2wefyar3tb0fvi4ziyo5r4uab8j9gsx", "fields": {"session_data": ".eJxVjr0OgzAQg9_lZoTyA0rC2L3PgJLLpaStEgphqBDvXqhYWDz4sy2vgHYq0K3Am0M_i00lli90vIJxikjQAedac9i2Cnq7lKFfZpr66HfSMLiYzuKL0kH806ZHrjGnMkVXH5H6pHN9z57etzN7GRjsPOztILVnxDTTrlXKNAKFEgGlCa1z3DoTCHcRxHxAMhyVdEqhMtQ4TfIYxbyMOf1vyu0HUMJLBA:1tPgaz:nqX3ONkAKAIeIED82oamyPW3ixykWTUSm4DT_ZqD1TA", "expire_date": "2024-12-30T11:27:33.550Z"}}, {"model": "sessions.session", "pk": "l9xrpae1mthtpz9kfwqhhe6qejgra49u", "fields": {"session_data": ".eJxVjDsOgzAQRO-yNUJefwSmTJ8zoPXaBCeRSYwpIsTdAxINzRTz3swKTLlAtwLqI78LpRLLDzqs4JMjB-gAsW0Rtq2CnpYy9sscch_9TqSAS-mIXyEdxD8pPaaap1RydPWh1Ced6_vkw_t2upeDkeZxX3PjSHmLljRrpUl4RoPWK8vBNYL0sJOgtBiU9qilNLJRwkiPzpBiA9sfR6NFCQ:1tGijb:mY0SjVbCxn4fsRjL6ic2DY1879b5L8zYAHQpEnlqx2w", "expire_date": "2024-12-05T17:55:23.677Z"}}, {"model": "sessions.session", "pk": "linke5k0hc7sm167l0d04nr5ij0fc1wb", "fields": {"session_data": ".eJxVjkEOgyAURO_y14YgaAGX3fcMBj6fatuAVVw0xrtXGjfdzGLezGQ2QDtn6DYwRd6rjXnMH-jqCqZ5RIIOan7RsO8V9HbNQ78uNPejP0DD4c90Fp8UC_EPG--JYYp5Hh0rEXbShd2Sp9f1zP4NDHYZjnaQ2nPimmvXKmUagUKJgNKE1rnaOhMIDxHEfUAyNSrplEJlqHGaZBnFtE4p_m7K_Qv0pUqk:1tOaBo:3Ktb_JIPoIMLzc9Y9Su-Y1cbWyRQf0HdxVJ0MxeiNCQ", "expire_date": "2024-12-27T10:25:00.661Z"}}, {"model": "sessions.session", "pk": "lku9343vz8vzzymmsqfo84ia5ofvp4jr", "fields": {"session_data": ".eJxVjDEOgzAMRe_iuYoAOyFh7M4ZkOOYQluBRGBC3L1FYmH9772_g_CyQrMfD-h4W4duy7p0Y4IGSgu3MbJ8dDpJevP0mo3M07qM0ZyKuWg27Zz0-7zc28HAefjXiCSa0HEKhbOk4glRakLrHcdSPYeAVYEaqXY9lX1RqyWRygdve4pw_ABAUTrU:1tG1aY:j27U8UCeIHJ_qBrPXHnicP64QMjFBHiKtIcVBsOnP5I", "expire_date": "2024-12-03T19:51:10.398Z"}}, {"model": "sessions.session", "pk": "llqk3nc3ns7khtj7at4ar26mlm2sxyjk", "fields": {"session_data": ".eJxVjzsOgzAQRO-yNbL8wxaU6XMGtP4QnEQ2MaaIEHePiSiSZoqZtzPaDQZcyzSsi89DcNCDpND8mgbtw8cjcXeMt0RsiiUHQw6EnOlCrsn55-Vk_womXKZ6rZSiRkvG5Ki1pIY5RXk1uLEoNG2FV7RFbjmno2OuQ6VHZZG7jo5CS19LLeYC_QaCH_paMZZQ3tCzBuYcrK8rmsO-VzKtc4rfh8T-AdNESLc:1tVxAH:AK-a8yhBduGaakL5feYgl0eUNa7QN69RmfInTdLVo-g", "expire_date": "2025-01-16T18:21:53.096Z"}}, {"model": "sessions.session", "pk": "lpl6eot6xbnbjg332s2kaeot6q2ih125", "fields": {"session_data": "eyJjYXJ0Ijp7fX0:1tKFFS:9V99pxL6gtT_XPHQ26uRCcmtWZdTuLFC-QuvXLNothE", "expire_date": "2024-12-15T11:14:50.273Z"}}, {"model": "sessions.session", "pk": "ltpc1unryaq0amb464610vj53zt9l3tz", "fields": {"session_data": ".eJxVjrEOgzAQQ__lZoSgIWmOsXu_AV2Oo6StEgphqBD_XqhYWDzYz5YXYBoT1Auoy66fmULy6Qu1ymAYPQvUcL3AumbQ0Jz6Zp5kbHy72QrhZDril4Q9aZ8UHjHnGNLoXb4j-ZFO-T228r4d7Gmgp6nf2lwRlk5ZLAvjqqrQorRD6axFMtp0pFUnZaW1QSbFXBI5ZKdFLKNG2kY5zkMM_5tm_QGfGUnf:1tg7KM:x-sJKQtwRPlFOuhVj9Gh_0iHti8BwGB3P-F85M7Te9I", "expire_date": "2025-02-13T19:14:18.601Z"}}, {"model": "sessions.session", "pk": "mesq464lwkye7bntxtixwitqm449lsir", "fields": {"session_data": "eyJjYXJ0Ijp7fX0:1tEX8W:DyMr-uMeDZ0Mc-Vq5RtXx1gte0AuI54R1dRDImGwqIU", "expire_date": "2024-11-29T17:08:04.665Z"}}, {"model": "sessions.session", "pk": "midvndwvtk82p6zfspssnh8fc5l0dudx", "fields": {"session_data": ".eJxVjMsOgyAUBf_lrhuCQKG47N5vMPeBxbbBRHRl_PfWxI3bMzNnA8Z5gXbbb9DjuuR-rWnuR4EWbIDLSMifVA4ibyyvSfFUlnkkdSjqpFV1k6Tv83QvBxlr_tfoXUoeDTah0W6wok3zGMSgiUFbio5cuAeLHCPR4EV7lGREojgmzQz7D1S6PAM:1tJqyx:Yy_kACccyHHXBAeMfcFXWyCP7aGmuDVXa48YlMFe3Bo", "expire_date": "2024-12-14T09:20:11.808Z"}}, {"model": "sessions.session", "pk": "mqn4n5vg7jc4mg6l4tdbf7b1gvym778f", "fields": {"session_data": "eyJjYXJ0Ijp7IjkiOnsicXVhbnRpdHkiOjEsInByaWNlIjoiMTA2OCJ9fSwiY291cG9uX2lkIjpudWxsfQ:1tOZxh:ht0k0d3oLuV6QuzggzpcNIiO8OD8kDoirfDUTXpYkkc", "expire_date": "2024-12-27T10:10:25.194Z"}}, {"model": "sessions.session", "pk": "myclll2dmb3qzfqkcqsovcgkno19ccbq", "fields": {"session_data": "eyJjYXJ0Ijp7IjkiOnsicXVhbnRpdHkiOjEsInByaWNlIjoiMTA2OCJ9fSwiY291cG9uX2lkIjpudWxsfQ:1tU4KK:p6xb795YMC7kXXAtnrzfjo1MJL4d3XfCbLv5BgkvAAw", "expire_date": "2025-01-11T13:36:28.797Z"}}, {"model": "sessions.session", "pk": "mzxirfrwufjx1l8tlg111yhyb9iu8jn7", "fields": {"session_data": ".eJx1jDEOgzAQBP9yNUL2GYOhTJ83oLPvCE4iSMAUEeLvASkNRZotdmZ3hUBTgmYFVEe-FxpSTB9odAavKQaBBtBZBVsGGv8qJdYI2-60tKS-XWaZ2sg70HDqPIWHDAfgOw23MQ_jkKbo80PJf3TOryPL8_JzTwc9zf2xLmsTgq9FWExAJRqt1cr5TqGrOiossycxppACxeiKC1JYamanjWEL2xcx209D:1t4hCs:Us14iXhnOfUTNtzdTTpoETyC1-eYGd6Jp8FzSaGDUOg", "expire_date": "2024-11-02T13:51:54.422Z"}}, {"model": "sessions.session", "pk": "n4zh41pyux7eeia4y9eapbhlat886p4g", "fields": {"session_data": "eyJjYXJ0Ijp7fX0:1tEX2D:_s43Da9RpMrh-F_-PIJFZ8j3IXWcLuEYQfrahtM5WF8", "expire_date": "2024-11-29T17:01:33.728Z"}}, {"model": "sessions.session", "pk": "ndpywodf32zdyp4sl7tl2kwl92zr7qk3", "fields": {"session_data": ".eJxVjzsOgzAQRO-yNbL8wxaU6XMGtP4QnEQ2MaaIEHePiSiSZoqZtzPaDQZcyzSsi89DcNCDpND8mgbtw8cjcXeMt0RsiiUHQw6EnOlCrsn55-Vk_womXKZ6rZSiRkvG5Ki1pIY5RXk1uLEoNG2FV7RFbjmno2OuQ6VHZZG7jo5CS19LLeYC_QaCH_paMZZQ3tCzBuYcrK8rmsO-VzKtc4rfh8T-AdNESLc:1tU4eg:4zlqw4XBcuUOjdEB1NcQEdyFKR0RheU4JkMEg12MqBg", "expire_date": "2025-01-11T13:57:30.996Z"}}, {"model": "sessions.session", "pk": "nk9tjm9sv518jlxegrgst8c0narxeg1o", "fields": {"session_data": "eyJjYXJ0Ijp7fX0:1tEWyC:W2EkT4-DqYTFG_HTE5PxJIRDKy9IT4cMwRAV8iPiODA", "expire_date": "2024-11-29T16:57:24.683Z"}}, {"model": "sessions.session", "pk": "nlv7nk7tgerdld1om8zjmff9nqdwftw0", "fields": {"session_data": ".eJxVjDkOwjAUBe_iGlk_xAumpOcMlv9iHEC2FCcV4u4QKQW0b2beS8W0LiWuXeY4sTqrQR1-N0z0kLoBvqd6a5paXeYJ9abonXZ9bSzPy-7-HZTUy7cmBs_BkRHKQSCfDLpAloLnTDgAeAmjzUf0gjBazwZDYkuWrUgGp94fDiI5Bw:1sUWkL:k7NRYIqfzbGVeYVtcW4CbGf626M41McYVSyt5RBaRgk", "expire_date": "2024-08-01T19:24:57.575Z"}}, {"model": "sessions.session", "pk": "o3jkpj27e7h91kl75ei2n6gqb26omydr", "fields": {"session_data": ".eJx1j8EOgyAQRP9lz8YAIoLH3vsNZlmw2jZgEQ-N8d-rTQ_toZc9zLyZ7KzQ4ZKHbpl96kYHLUgGxbdokW4-HI67YrjEkmLIabTlgZQfdy7P0fn76cP-FAw4D3taMK2MIUM1yVrJqlHC8MYZbXvqe4savaa6UUz0nlklnSVSJHjlpKwM4V5KmDK0K4jjPBYMecxPaHkBUxrJH89zBlsBXP4lONeaw7ZDFJcphvdovb0AIL1T3A:1thW9j:ncl2IrvmzduSyXIHXKZdfeIH0V2YdbB7v_bWfFrbA44", "expire_date": "2025-02-17T15:57:07.887Z"}}, {"model": "sessions.session", "pk": "o7hmhswuq2ibzvc3ejviflzsqqaius28", "fields": {"session_data": ".eJxVjEsOgzAMBe_idRUldkQwy-57BuQ4bqGtQOKzQty9RWLD9s3M20BlWqDZ9hu0si5du842tX2BBhguWxb92HCA8pbhNTodh2XqszsUd9LZPcZi3_vpXg46mbt_nbBiHwJWJMhUYzDPtaJpnTwjZcKArFoIfamyFQoxagyRkz1FKMH-A-mZOfY:1tEbI2:PoHboD3DWE0eADVhsRX4fKF-Y1Kc9r3dnkuPGRx4s20", "expire_date": "2024-11-29T21:34:10.666Z"}}, {"model": "sessions.session", "pk": "ojqzbsgr6koolubj6ld6lujaeofzrf9b", "fields": {"session_data": ".eJx9jsEOgyAQRP9lz8aAaACPvfcbDCxLtW2gVTw0xn8vNB7aSy-T7M7bmd1gMGsah3WheZgc9NAyqL6X1uCNQnHc1YRLrDGGNE-2Lkh9uEt9jo7up4P9CRjNMuZrL5RjxBRTtpNStw02svEotO-s5cZqT5ilIeY8kuYohZUSpabWKhIlFOP6iOHzpsiTmRP0G_Cu6HM1IU3pBT2v4DFPSLmTc6lhr4C3fxClOOz7_gZME1UN:1tPiD5:bFcmbXnB0tSSVZVtyXoRm1oavFkE-_6GiMZUtHUJR9U", "expire_date": "2024-12-30T13:10:59.953Z"}}, {"model": "sessions.session", "pk": "pq494u7a5g0dezsh2jxp7gq3a0qnwj1j", "fields": {"session_data": ".eJxVjMsOgyAUBf_lrhuCQKG47N5vMPeBxbbBRHRl_PfWxI3bMzNnA8Z5gXbbb9DjuuR-rWnuR4EWbIDLSMifVA4ibyyvSfFUlnkkdSjqpFV1k6Tv83QvBxlr_tfoXUoeDTah0W6wok3zGMSgiUFbio5cuAeLHCPR4EV7lGREojgmzQz7D1S6PAM:1tKgbo:heCJRb42f43oBM-vZjVTD7e_P_dcxLARRDWlAgY0eWk", "expire_date": "2024-12-16T16:27:44.861Z"}}, {"model": "sessions.session", "pk": "q53pl8j9mvm90t36x3jozm2iwjthnnca", "fields": {"session_data": ".eJxVjzsOgzAQRO-yNbL8wxaU6XMGtP4QnEQ2MaaIEHePiSiSZoqZtzPaDQZcyzSsi89DcNCDpND8mgbtw8cjcXeMt0RsiiUHQw6EnOlCrsn55-Vk_womXKZ6rZSiRkvG5Ki1pIY5RXk1uLEoNG2FV7RFbjmno2OuQ6VHZZG7jo5CS19LLeYC_QaCH_paMZZQ3tCzBuYcrK8rmsO-VzKtc4rfh8T-AdNESLc:1tVy6y:BBzrfsLP4LRUmvt4DVDwjYM8DKRLuSuV_JlQflC5e3g", "expire_date": "2025-01-16T19:22:32.499Z"}}, {"model": "sessions.session", "pk": "qt5ceug5pf2hcx7xujvos12ptrhd6ojg", "fields": {"session_data": "eyJjYXJ0Ijp7fX0:1t8jzJ:J2giFk4hi8cjr3k9QVnXo7ZQaT_tqUxp3H3aTO4xruM", "expire_date": "2024-11-13T17:38:37.215Z"}}, {"model": "sessions.session", "pk": "rg7rknnuuwwggc5zxaifsnztece007l6", "fields": {"session_data": ".eJxVjMsOgyAUBf_lrhuCQKG47N5vMPeBxbbBRHRl_PfWxI3bMzNnA8Z5gXbbb9DjuuR-rWnuR4EWbIDLSMifVA4ibyyvSfFUlnkkdSjqpFV1k6Tv83QvBxlr_tfoXUoeDTah0W6wok3zGMSgiUFbio5cuAeLHCPR4EV7lGREojgmzQz7D1S6PAM:1tJDQZ:6Gh4okKLAlOV8KaIe477lcy-WgTYAdHF03A0YO-7Nvk", "expire_date": "2024-12-12T15:06:03.168Z"}}, {"model": "sessions.session", "pk": "rg7xhp71elza07r5vlb9abul5wr1tnfh", "fields": {"session_data": ".eJxVjMsOgyAUBf_lrhuCQKG47N5vMPeBxbbBRHRl_PfWxI3bMzNnA8Z5gXbbb9DjuuR-rWnuR4EWbIDLSMifVA4ibyyvSfFUlnkkdSjqpFV1k6Tv83QvBxlr_tfoXUoeDTah0W6wok3zGMSgiUFbio5cuAeLHCPR4EV7lGREojgmzQz7D1S6PAM:1tJVNu:_Wy4c-b58mxs48s8CF5LVE-Aw2HY3oJRED4DODA4uBY", "expire_date": "2024-12-13T10:16:30.897Z"}}, {"model": "sessions.session", "pk": "rlo28tch3j02mb55xrgcomf0vb3o1p7t", "fields": {"session_data": ".eJxVjE0OgyAYBe_CuiEIFIrL7nsG8v1gtW0gEVwZ715NXLTbN_NmFRGWNsalpjlOLHphvLj8jgj0Tvkg_IL8LJJKbvOE8lDkSat8FE6f--n-BUao4_4GZ1NyoKHznbKDYaW728AadPDKYLBo_dUboBAQB8fKASfNHNgSKqI9SjA30a_b9gVQGjwD:1tKFW9:YWCzvwIchZh-Oz1X9EuPu7v4WsslpyrVBdHuInghm_c", "expire_date": "2024-12-15T11:32:05.691Z"}}, {"model": "sessions.session", "pk": "s66kl01jjaem7379dr3rklm3ewqlw8d9", "fields": {"session_data": "eyJjYXJ0Ijp7fX0:1tEWbC:rsfW7JO6JCHJ-5FPIfcqnpobs_awJ_QZM0FNNucXWDg", "expire_date": "2024-11-29T16:33:38.399Z"}}, {"model": "sessions.session", "pk": "skn65acac1xbz2u0k2ey0rbgdbb1ve0m", "fields": {"session_data": ".eJxVjr0OgzAQg9_lZoQuISSFsXufAV3-StoqoSEMFeLdCxVLFw_-bMsrGMoF-hW6Q94LxRLKB3pWwZSDcdADQ3mBbatgoKWMwzK7PAS7A4HwZ2oyTxcPYh8U76k2KZYcdH1E6pPO9S1Z97qe2b-BkeZxb0spUSvBmPBKCdTMSuS7wbWhRmHbOIktccM5estsR1J5aYjbDn2jhNtHTVqmFH83m-0Lni9I8Q:1tVy8b:8nED8z8UvXzAi1I9_YIIsZP85Arh-0ct7wUN4ihOq1s", "expire_date": "2025-01-16T19:24:13.851Z"}}, {"model": "sessions.session", "pk": "som4fhxn4o2lv9v9blr95d5l73lz37fj", "fields": {"session_data": ".eJxVjDEOgzAQBP9yNbIwPhtDmT5vQOfzEUgik4ApIsTfEySaNFvszO4GTHOGdgONR75XSnnMH2irAl7zyAItaO29hn0voKM1D926yNyN8SAW_spA_JB0kHindJsUTynPY1CHok66qOsU5Xk53b-DgZbhtzYGWaJxFJvSWRT2aAzXaKx3FLR4ahpTlUYC1q5H3Ze1WGSufONtjwH2LzM6ROI:1tG1il:zwWVLT2zmCrjoXvgXex2sXVyDoi8U-Vbp3EEqX96XeE", "expire_date": "2024-12-03T19:59:39.324Z"}}, {"model": "sessions.session", "pk": "t735s92680pkq5ndi6pkgugylxtgtes4", "fields": {"session_data": ".eJx1jjsOwjAQRO-yNYr8SbCdkp4zRPZ6TQLIhsQpEMrdiVEKUtBMMfP2ad-AdszQvsGUeM425iG_oOUHeIwDErTA2VHDcgBe7xHxg3CteWGk-KtRApaV6Oyc-26eaOwGv9Y1g13pLN4olsVfbbykClPM4-CqglTbOlXn5Ol-2tidoLdTv14HqT0jppl2jVKmFiiUCChNaJzj1plAuIYg5gOS4aikUwqVodppkkWKaX6k-H2TLx-cRl57:1tQBSN:RhAgAAMNb_hg5zJjE2-xhLh1stR-naE9kx-PPnl8keI", "expire_date": "2024-12-31T20:24:43.295Z"}}, {"model": "sessions.session", "pk": "tcahxlzbuha90n4k322arfk1iac8fakw", "fields": {"session_data": ".eJxVjkEOgyAURO_y14YgaAGX3fcMBj6fatuAVVw0xrtXGjfdzGLezGQ2QDtn6DYwRd6rjXnMH-jqCqZ5RIIOan7RsO8V9HbNQ78uNPejP0DD4c90Fp8UC_EPG--JYYp5Hh0rEXbShd2Sp9f1zP4NDHYZjnaQ2nPimmvXKmUagUKJgNKE1rnaOhMIDxHEfUAyNSrplEJlqHGaZBnFtE4p_m7K_Qv0pUqk:1tObQk:vPaEDNM1Ciuf76IE-R4BCwcoyxmcU_DgbxkT6mRFSys", "expire_date": "2024-12-27T11:44:30.998Z"}}, {"model": "sessions.session", "pk": "tceq13udinzaa8gha8x2c6kduk89h4fu", "fields": {"session_data": ".eJxVjMsOgyAQRf9l1g1BRB4uu_cbzDBAsW0wAVwZ_701ceP2nnPuDoSlwbgfD5hxa2neaijz4mEEyeE2OqRPyCfxb8yvldGaW1kcOxV20cqm1Yfv83JvBwlr-teCG2UtWRpIDkr2WgnbaW-NixSjQ4PB0KAVFzFwp6R3RIpE13spe0sIxw9GwDuV:1tezps:oCFf9xV-wYcrP92EZUx5ZdGuWC3xSzh-fleaOequZ2I", "expire_date": "2025-02-10T17:02:12.050Z"}}, {"model": "sessions.session", "pk": "u5p5791jbkoch8ussd6floxm6962s5x1", "fields": {"session_data": ".eJxVjEEOgyAQRe_CuiED4hBddt8zmIGBYttAgrgy3r2auGi3773_NzHR2tK0LqFOM4tRGBC3X-jIv0M-Db8oP4v0Jbc6O3km8rKLfBQOn_vV_h0kWtKxRkRw1ihlorUGnGIEfQDtPHUW-i4g9KS91hBZ8UBoI3rSPEDsrAnHqafaxLjt-xcSpDqn:1tX0uA:NIZLgF0Ak8IB1yLv-ynlTnjTIaHOfLuOgIY2XWj3GxM", "expire_date": "2025-01-19T16:33:38.963Z"}}, {"model": "sessions.session", "pk": "uetlvmejmmr34ywwe0dp2ohmcduzw3w2", "fields": {"session_data": ".eJxVjMsOgyAUBf_lrhuCQKG47N5vMPeBxbbBRHRl_PfWxI3bMzNnA8Z5gXbbb9DjuuR-rWnuR4EWbIDLSMifVA4ibyyvSfFUlnkkdSjqpFV1k6Tv83QvBxlr_tfoXUoeDTah0W6wok3zGMSgiUFbio5cuAeLHCPR4EV7lGREojgmzQz7D1S6PAM:1tJXft:GxfKc2BgfvYjFAbyzMtnYMtxTlME_mQGKa_wBT93TDo", "expire_date": "2024-12-13T12:43:13.370Z"}}, {"model": "sessions.session", "pk": "ugmsf5xqk3ukym40r9n3evvuu2ywlf29", "fields": {"session_data": ".eJx1j70SgjAQhN_laoa5hJAIpb3PwFx-ENRJMITCYXh3g0Ohhc0Wu9_tzq3Q0ZKGbpld7EYLLQiE4tvUZO7O74m9kb-G0gSf4qjLHSmPdC4vwbrH-WB_Cgaah3wtpUStBGOiV0qgZlYizwbXhiqFdeUk1sQN59hbZhuSqpeGuG2wr5RwudRQTNCu0OzyXMinMb2gZVjAFEfj8gpDeYKtAI7_GX6qEbYMmbBMwX_eZtsbRJZTUQ:1tRGMN:r-5VuTDo5VTFGa1CIVhUnIIcr4JlQkU5_cKKCQYKhZY", "expire_date": "2025-01-03T19:50:59.398Z"}}, {"model": "sessions.session", "pk": "uq47aw09dr1aoxd0woi8m2u4j3j0yuyq", "fields": {"session_data": ".eJxVjMsOgyAUBf_lrhuCQKG47N5vMPeBxbbBRHRl_PfWxI3bMzNnA8Z5gXbbb9DjuuR-rWnuR4EWbIDLSMifVA4ibyyvSfFUlnkkdSjqpFV1k6Tv83QvBxlr_tfoXUoeDTah0W6wok3zGMSgiUFbio5cuAeLHCPR4EV7lGREojgmzQz7D1S6PAM:1tJXiF:O8jUyHqLcnwhmsv3RiYRv26IaGBgrnn4xkj13hJY65s", "expire_date": "2024-12-13T12:45:39.537Z"}}, {"model": "sessions.session", "pk": "ush2vfydswba4okk4nrwrcv627s7v1m8", "fields": {"session_data": ".eJxVjE0OgyAQRu8ya0MQNIDL7nsGwwxDpW2wVVw0xrtXEzdu3uJ9PyuQnwp0K2h18Lv4XFL5QVdX8JkSMXRgFGxbBb1fytAvM099CrtuJFwkenpxPpLw9PkxChpzmRKKoyLOdBb3MfD7dnYvB4Ofh30dtQ2SpZUWW2Nco0gZFUm72CLWHl1k2qFYhkjsajIajSHjuEHLOsD2B8dfRc0:1tQUZq:671Bq3mrNF9XfUHlQ6XbdIFV6JXgVPsiEo2z5aOATng", "expire_date": "2025-01-01T16:49:42.134Z"}}, {"model": "sessions.session", "pk": "v4mnz8pecr7yz5rp38c3d32oasvxd518", "fields": {"session_data": "eyJjYXJ0Ijp7fX0:1tRT2u:_TTGWUZBc-uAnLh9hmLT8IeQXwfM4FZ4G6obQIwVmEM", "expire_date": "2025-01-04T09:23:44.823Z"}}, {"model": "sessions.session", "pk": "v8w1hzjdeerv44k52ik15poiquyghhi5", "fields": {"session_data": ".eJxVjDEOgzAQBP9ydWQZG3Q2Zfq8wfKdzzFJBBKGCvH3gERDs8XO7G7AcV6g3_YHhLguJaxV5jAk6KHVcCsp8lfGk6RPHN-T4mlc5oHUqaiLVvWakvyel3s7KLGWY52tS1q00446RN8aNmgyW587oiaSz8JHGNEps_iG0RIio5eWnNgE-x9jiDxa:1tRCq4:7_ds8o98H9PaIppE_cTC1wAgi8g2ktp8rjwB5ccibok", "expire_date": "2025-01-03T16:05:24.303Z"}}, {"model": "sessions.session", "pk": "vm1wnm68gf5x3p1szkopd74jweqls2eu", "fields": {"session_data": "eyJjYXJ0Ijp7fX0:1tKJht:MfvyGMuqwjRzHvIglLtGoX9GNu6Q7WXPGvTLLERRgZ8", "expire_date": "2024-12-15T16:00:29.560Z"}}, {"model": "sessions.session", "pk": "vvh9ygmgvy7aymeiet3biaccnovuwark", "fields": {"session_data": ".eJxVjEEOwiAQRe_C2hBgoKUu3fcMZGCmUjWQlHZlvLsh6UK3_7333yLgsedwNN7CSuIqtLj8bhHTk0sH9MByrzLVsm9rlF2RJ21yrsSv2-n-HWRsudfDBCnFiZkYklGsjXNa-bgo48cFrSOKyACWrWHQI1lUZtBEXgOQE58v_Dk4Gg:1slC3F:QwzDpnzP8xEo32eW54YUsQ791HdA28QyAZnSjiv49b0", "expire_date": "2024-09-16T18:45:21.471Z"}}, {"model": "sessions.session", "pk": "vzvt82nfi1ell724cr677ghfr8ffe6iz", "fields": {"session_data": ".eJxVjLsOgyAUht_lzMaAlwKO3fsMBg6HamvAIgyN8d2rjYvLN3z_ZQXUMUG3gjrwydqnMX2h4wXMcUSCDji7Sdi2AjDkOfh-tND5PE0F9Dqnoc8Lxb-EhsFFGo1v8kdiX9o_Q4nBpzia8qiUZ7qUj2Bpup_dy8Ggl2Ffu1paRkwyaVohVFNhJSqHtXKtMVwb5Qh3VMSsQ1IcRW2EQKGoMZJqC9sPNrVMLA:1tPiTy:VmNI9INS1-gyiGXZYkzySKqN_fnzAb0fYA-1JNIDrDk", "expire_date": "2024-12-30T13:28:26.983Z"}}, {"model": "sessions.session", "pk": "w2vzxjayv1979b061a6wj6yd8nc2expo", "fields": {"session_data": "eyJjYXJ0Ijp7fX0:1tEXB0:zA_FDYU3YuY7huDvHQ3874tLTGp2IJsZfYt2vl1oYrM", "expire_date": "2024-11-29T17:10:38.813Z"}}, {"model": "sessions.session", "pk": "w4b0einr0jhxebwekf061bl962u02ggt", "fields": {"session_data": "eyJjYXJ0Ijp7fX0:1tKJn8:XMEnr26v2RDMvYPJuGsCg8BacXgnCXUTcuC0GqOP7Zw", "expire_date": "2024-12-15T16:05:54.769Z"}}, {"model": "sessions.session", "pk": "w4qy05e5smx2q4tv2ctt7vyzobk5ljv4", "fields": {"session_data": ".eJxVjDsOg0AMBe_iOlrBYlgvZXrOgLy2CSQRSHwqxN0TJBraNzNvB-F5hXo_HtDytvbtttjcDgo1FBFuY2L52HgSffP4mpxM4zoPyZ2Ku-jimknt-7zc20HPS_-vLUY0DSgkRonQonWaJeYgFPJcfYclViTBMxaJclQfKVQ-lpRlZWVw_ABvfDse:1tOHQB:gK8I_7IKFOPOuImdb7-p0A1w9E0M_1mFztlT86lGLdU", "expire_date": "2024-12-26T14:22:35.469Z"}}, {"model": "sessions.session", "pk": "we6djq12uumisko49gwwfplbrpq8m5uv", "fields": {"session_data": ".eJxVjE0OgyAYBe_CuiEIFIrL7nsG8v1gtW0gEVwZ715NXLTbN_NmFRGWNsalpjlOLHphvLj8jgj0Tvkg_IL8LJJKbvOE8lDkSat8FE6f--n-BUao4_4GZ1NyoKHznbKDYaW728AadPDKYLBo_dUboBAQB8fKASfNHNgSKqI9SjA30a_b9gVQGjwD:1tKkbB:HdyRTW0mTe3MZz9WeplymAA5RvgiEmIQQXnjldsAouw", "expire_date": "2024-12-16T20:43:21.731Z"}}, {"model": "sessions.session", "pk": "wjbl2jxues5vce3s3twscja8p5xz0xzr", "fields": {"session_data": ".eJxVjEsOgzAMBe_idRUlsSMUlt33DMixQ0NbBYnPCnH3gsSG7ZuZt4HwtEC77Q_oeF1Kt8556gaFFryF25hYvrmeRD9c36ORsS7TkMypmIvO5jVq_j0v93ZQeC5HLU1i1OgikxASWxUXXFSMklNjmfqDZCTbI6kj74Nv0AavLgVGCbD_AVV5Ovw:1tGO94:1dnI6fnmNbTpQ3tUas1mfH5PEFApuaYfmrfQ1cpZ5m8", "expire_date": "2024-12-04T19:56:18.630Z"}}, {"model": "sessions.session", "pk": "wjpquubpy78637z7spst87m050nwdom4", "fields": {"session_data": ".eJx1zDsOgzAMgOG7eEYoiRNeY_eeATmxKbQVtBCGquLuJVIXBhYP_j_7C4HmCM0XUKX5XmmMQ_xAozN4zUMQaMA4C1sGaE5FaRLQeA4qVcO2m5bW2LfrInM78B40HHaewkPGFPhO423KwzTGefB5Ivm_Lvl1Ynle_vbwoKelT9dFjSH4WoQFg1GijXNaVb5Tpio7so7ZkyBasUZQl2xJmUIzVxqRHWw_D-JYtQ:1t0Q1y:3ysixwGNdcowYngXEJQFFStGNhMPKdNuB79K4lsTUco", "expire_date": "2024-10-21T18:42:58.130Z"}}, {"model": "sessions.session", "pk": "wniwdachqnlhl1h276298owcc9m7p0x5", "fields": {"session_data": ".eJxVjMsOgyAUBf_lrhuCQKG47N5vMPeBxbbBRHRl_PfWxI3bMzNnA8Z5gXbbb9DjuuR-rWnuR4EWbIDLSMifVA4ibyyvSfFUlnkkdSjqpFV1k6Tv83QvBxlr_tfoXUoeDTah0W6wok3zGMSgiUFbio5cuAeLHCPR4EV7lGREojgmzQz7D1S6PAM:1tJXfJ:OvXWT5bRJpARgJhXS2ubVEtXy8HaCDvpvTQbtYg4w_k", "expire_date": "2024-12-13T12:42:37.033Z"}}, {"model": "sessions.session", "pk": "xei3o4sw8x902zuvht9rrh1tnpj12hsz", "fields": {"session_data": ".eJxVjEsOgzAMBe_idRUlsSMUlt33DMixQ0NbBYnPCnH3gsSG7ZuZt4HwtEC77Q_oeF1Kt8556gaFFryF25hYvrmeRD9c36ORsS7TkMypmIvO5jVq_j0v93ZQeC5HLU1i1OgikxASWxUXXFSMklNjmfqDZCTbI6kj74Nv0AavLgVGCbD_AVV5Ovw:1tGOE1:OKmVnshji-B7xx9rkAKCvQ8GjFNDwnoUedyDcdXtF_I", "expire_date": "2024-12-04T20:01:25.905Z"}}, {"model": "sessions.session", "pk": "y57dhu812sn18xi27q0mnznmgv171ixy", "fields": {"session_data": ".eJxVjDEOgzAQBP9ydWQZG3Q2Zfq8wfKdzzFJBBKGCvH3gERDs8XO7G7AcV6g3_YHhLguJaxV5jAk6KHVcCsp8lfGk6RPHN-T4mlc5oHUqaiLVvWakvyel3s7KLGWY52tS1q00446RN8aNmgyW587oiaSz8JHGNEps_iG0RIio5eWnNgE-x9jiDxa:1tQ9mB:akzBu6GNt-Ej8LdzTvtcoPgbuqJ-B5A-UMKO_tGPfyc", "expire_date": "2024-12-31T18:37:03.175Z"}}, {"model": "sessions.session", "pk": "yiducf3ogw56h88zjdyjla3rp0e3r7jn", "fields": {"session_data": "eyJjYXJ0Ijp7IjMyIjp7InF1YW50aXR5IjoxLCJwcmljZSI6IjcyIn19fQ:1tKK7J:zJ-a0hkkUma_NUMXMj6gJPzbuLS_YS6vtTvV1SCPNKo", "expire_date": "2024-12-15T16:26:45.621Z"}}, {"model": "sessions.session", "pk": "ylo7zbw7e3ymcm1jrdbaxll1gavi6jda", "fields": {"session_data": "eyJjYXJ0Ijp7fX0:1tKJgB:4jcY6Vmk4-rVOdEANIW0JpqtVorB-FYHl0XYazPTSM8", "expire_date": "2024-12-15T15:58:43.349Z"}}, {"model": "sessions.session", "pk": "yps2hyjp63f94a580ih8hk66eh41jk2b", "fields": {"session_data": "eyJjYXJ0Ijp7fX0:1tItzP:sagJPeeisj9ThunPV7sFItr6EH7L4vSYtKLaoKeHhKo", "expire_date": "2024-12-11T18:20:43.583Z"}}, {"model": "sessions.session", "pk": "yto8bzemd3zsvh5yqvxjch94803gam3o", "fields": {"session_data": ".eJxVjDsOgzAQRO-yNbL8gdimTJ8zIHu9Dk4ikxhTRIi7BySaNFPMezMroCsV-hXsEZ_F5ZrqF3rRwLskJOhB8IuBbWtgcEsdh2WmMqSwg5bDX-kdPikfJDxcvk8Mp1xL8uxQ2ElndpsCva6n-3cwunnc11GZwIkbbnyntW0lSi0jKhs774XzNhLuIYmHiGQFauW1Rm2p9YZUgO0H_tVGBw:1tQ94m:53CwNWMqjocy3EitgAMzAZ5qxv88N7kKv7GK7Nzq5Ys", "expire_date": "2024-12-31T17:52:12.793Z"}}, {"model": "sessions.session", "pk": "z9lw2lgn82fw4l09t3kwfuqu3l5dnmfr", "fields": {"session_data": ".eJxVjDsOgzAQRO-ydWT5FxtTps8Z0NprgpPIJMYUEeLuAYmGZop5b2aBgKVCu4DQe35nzDXVH7TyAp-SQoQWhGgaAet6gQ7nOnTzFEuXaCPKwqn0GF4x74SemB8jC2OuJXm2K-ygE7uPFN-3wz0dDDgN2xqNjtGgRGEF170iLkXTk0TpLFfeaa_t1SoMznnfG-IGKUoiRzp4HgKsf0ejRhE:1tKKOO:PcQty5QFVcNzCNiPnh5uJjHDpRWMvVp0AXbT9zWmh-4", "expire_date": "2024-12-15T16:44:24.624Z"}}, {"model": "sessions.session", "pk": "zasmsc6llhi2t8m8dmngr5zva6ys6h45", "fields": {"session_data": ".eJxVjDEOgzAQBP9ydWQZG3Q2Zfq8wfKdzzFJBBKGCvH3gERDs8XO7G7AcV6g3_YHhLguJaxV5jAk6KHVcCsp8lfGk6RPHN-T4mlc5oHUqaiLVvWakvyel3s7KLGWY52tS1q00446RN8aNmgyW587oiaSz8JHGNEps_iG0RIio5eWnNgE-x9jiDxa:1tQ9Ja:TebeIHg6SlQWGOI8OqrXRnkhP_L40tzt7u_DRJ5PZWE", "expire_date": "2024-12-31T18:07:30.725Z"}}, {"model": "sessions.session", "pk": "zaxkqys4cgj4a1sl1q9jcc77w6suyql4", "fields": {"session_data": ".eJxVjMsOgyAUBf_lrhuCQKG47N5vMPeBxbbBRHRl_PfWxI3bMzNnA8Z5gXbbb9DjuuR-rWnuR4EWbIDLSMifVA4ibyyvSfFUlnkkdSjqpFV1k6Tv83QvBxlr_tfoXUoeDTah0W6wok3zGMSgiUFbio5cuAeLHCPR4EV7lGREojgmzQz7D1S6PAM:1tJrC2:MUCJ2Djc4mp-r27hBuUrIaigrOlRLFo1c2Yd_W_UatI", "expire_date": "2024-12-14T09:33:42.437Z"}}, {"model": "sessions.session", "pk": "zbm7jfn0u6ms36acwu3ubo6zz3h8lwd6", "fields": {"session_data": "eyJjYXJ0Ijp7fX0:1tKFGW:NL54QaKV9tCe6T5rTjr0a5_KWfy85ZKyxD5oEGI4Xos", "expire_date": "2024-12-15T11:15:56.658Z"}}, {"model": "sessions.session", "pk": "znp8x8ga2a7fz129thlr7kft7v0r1e2n", "fields": {"session_data": "eyJjYXJ0Ijp7fX0:1tRTbD:S8e5V-PvJqDoZgCvvzurGdtEKQnj_x7v4VEZ_Kfl1O4", "expire_date": "2025-01-04T09:59:11.010Z"}}, {"model": "shop.category", "pk": 1, "fields": {"name": "Огнетушители", "slug": "ognetushitel"}}, {"model": "shop.category", "pk": 2, "fields": {"name": "Аксеcсуары для огнетушителей", "slug": "aksesuar_dlya-ognetushitelya"}}, {"model": "shop.productconstruction", "pk": 1, "fields": {"name": "Переносной", "slug": "perenosnoj"}}, {"model": "shop.productconstruction", "pk": 2, "fields": {"name": "Передвижной", "slug": "peredvizhnoj"}}, {"model": "shop.productconstruction", "pk": 3, "fields": {"name": "Не выбран", "slug": "ne-vybran"}}, {"model": "shop.productconstruction", "pk": 4, "fields": {"name": "Настенный", "slug": "nastennyj"}}, {"model": "shop.productconstruction", "pk": 5, "fields": {"name": "Напольный", "slug": "napolnyj"}}, {"model": "shop.productfireclass", "pk": 5, "fields": {"name": "А/В/С/Е", "slug": "abce"}}, {"model": "shop.productfireclass", "pk": 6, "fields": {"name": "В/С/Е", "slug": "bce"}}, {"model": "shop.productfireclass", "pk": 7, "fields": {"name": "Не выбран", "slug": "ne-vybran"}}, {"model": "shop.productfireclass", "pk": 8, "fields": {"name": "Не определен", "slug": "ne-opredelen"}}, {"model": "shop.productusage", "pk": 1, "fields": {"name": "Для авто", "slug": "dlya-avto"}}, {"model": "shop.productusage", "pk": 2, "fields": {"name": "Для офиса", "slug": "dlya-ofisa"}}, {"model": "shop.productusage", "pk": 3, "fields": {"name": "Для техосмотра", "slug": "dlya-tehosmotra"}}, {"model": "shop.productusage", "pk": 4, "fields": {"name": "Для дома", "slug": "dlya-doma"}}, {"model": "shop.productusage", "pk": 5, "fields": {"name": "Для промышленных и гражданских объектов", "slug": "dlya-promyshlennyh-i-grazhdanskih-obektov"}}, {"model": "shop.productusage", "pk": 6, "fields": {"name": "Для электроустановок", "slug": "dlya-elektroustanovok"}}, {"model": "shop.productusage", "pk": 7, "fields": {"name": "ОП-4", "slug": "op-4"}}, {"model": "shop.productusage", "pk": 8, "fields": {"name": "ОП-5", "slug": "op-5"}}, {"model": "shop.productusage", "pk": 9, "fields": {"name": "ОП-6", "slug": "op-6"}}, {"model": "shop.productusage", "pk": 10, "fields": {"name": "ОП-8", "slug": "op-8"}}, {"model": "shop.productusage", "pk": 11, "fields": {"name": "ОП-10", "slug": "op-10"}}, {"model": "shop.productusage", "pk": 12, "fields": {"name": "ОУ-3", "slug": "ou-3"}}, {"model": "shop.productusage", "pk": 13, "fields": {"name": "ОУ-4", "slug": "ou-4"}}, {"model": "shop.productusage", "pk": 14, "fields": {"name": "ОУ-5", "slug": "ou-5"}}, {"model": "shop.productusage", "pk": 15, "fields": {"name": "Для огнетушителя весом до 10 кг", "slug": "dlya-ognetushitelya-vesom-do-10-kg"}}, {"model": "shop.productusage", "pk": 16, "fields": {"name": "ОВП-4", "slug": "ovp-4"}}, {"model": "shop.productusage", "pk": 17, "fields": {"name": "ОВЭ-4", "slug": "ove-4"}}, {"model": "shop.productusage", "pk": 18, "fields": {"name": "ОВЭ-5", "slug": "ove-5"}}, {"model": "shop.productusage", "pk": 19, "fields": {"name": "ОВП-8", "slug": "ovp-8"}}, {"model": "shop.productusage", "pk": 20, "fields": {"name": "ОВП-10", "slug": "ovp-10"}}, {"model": "shop.productusage", "pk": 21, "fields": {"name": "ОВЭ-6", "slug": "ove-6"}}, {"model": "shop.productusage", "pk": 22, "fields": {"name": "Для авто, для офиса, для техосмотра", "slug": "dlya-avto-dlya-ofisa-dlya-tehosmotra"}}, {"model": "shop.productusage", "pk": 23, "fields": {"name": "Для авто, для офиса, для дома, для техосмотра", "slug": "dlya-avto-dlya-ofisa-dlya-doma-dlya-tehosmotra"}}, {"model": "shop.productusage", "pk": 24, "fields": {"name": "Для офиса, для дома", "slug": "dlya-ofisa-dlya-doma"}}, {"model": "shop.productusage", "pk": 25, "fields": {"name": "Для авто. для дома, для офиса, для техосмотра, для электроустановок", "slug": "dlya-elektroustanovok-doma"}}, {"model": "shop.productusage", "pk": 26, "fields": {"name": "порошковых ОП-4, ОП-5, ОП-6; углекислотных ОУ-3, ОУ-4, ОУ-5; воздушно-пенного ОВП-4; воздушно-эмульсионных ОВЭ-4, ОВЭ-5;", "slug": "poroshkovyh-op-4-op-5-op-6-uglekislotnyh-ou-3-ou-4-ou-5-vozdushno-pennogo-ovp-4-vozdushno-emulsionny"}}, {"model": "shop.productusage", "pk": 27, "fields": {"name": "порошковых ОП-8, ОП-10; воздушно-пенных ОВП-8, ОВП-10; воздушно-эмульсионного ОВЭ-6;", "slug": "poroshkovyh-op-8-op-10-vozdushno-pennyh-ovp-8-ovp-10-vozdushno-emulsionnogo-ove-6"}}, {"model": "shop.productusage", "pk": 28, "fields": {"name": "для дома  для офиса  для электроустановок", "slug": "dlya-doma-dlya-ofisa-dlya-elektroustanovok"}}, {"model": "shop.productrangmodelhearth", "pk": 6, "fields": {"name": "0,7A, 21B", "slug": "07a-21b"}}, {"model": "shop.productrangmodelhearth", "pk": 7, "fields": {"name": "1A, 34B", "slug": "1a-34b"}}, {"model": "shop.productrangmodelhearth", "pk": 8, "fields": {"name": "2A, 55B", "slug": "2a-55b"}}, {"model": "shop.productrangmodelhearth", "pk": 9, "fields": {"name": "2A, 70B", "slug": "2a-70b"}}, {"model": "shop.productrangmodelhearth", "pk": 10, "fields": {"name": "3A, 89B", "slug": "3a-89b"}}, {"model": "shop.productrangmodelhearth", "pk": 11, "fields": {"name": "4A, 144B", "slug": "4a-144b"}}, {"model": "shop.productrangmodelhearth", "pk": 12, "fields": {"name": "6A, 233B", "slug": "6a-233b"}}, {"model": "shop.productrangmodelhearth", "pk": 13, "fields": {"name": "10A, 233B-2", "slug": "10a-233b-2"}}, {"model": "shop.productrangmodelhearth", "pk": 14, "fields": {"name": "13В", "slug": "13v"}}, {"model": "shop.productrangmodelhearth", "pk": 15, "fields": {"name": "21В", "slug": "21v"}}, {"model": "shop.productrangmodelhearth", "pk": 16, "fields": {"name": "34В", "slug": "34v"}}, {"model": "shop.productrangmodelhearth", "pk": 17, "fields": {"name": "55В", "slug": "55v"}}, {"model": "shop.productrangmodelhearth", "pk": 18, "fields": {"name": "70В", "slug": "70v"}}, {"model": "shop.productrangmodelhearth", "pk": 19, "fields": {"name": "89В", "slug": "89v"}}, {"model": "shop.productrangmodelhearth", "pk": 20, "fields": {"name": "144В", "slug": "144v"}}, {"model": "shop.productrangmodelhearth", "pk": 21, "fields": {"name": "Не выбран", "slug": "ne-vybran"}}, {"model": "shop.productrangmodelhearth", "pk": 22, "fields": {"name": "Не определен", "slug": "ne-opredelen"}}, {"model": "shop.producttype", "pk": 1, "fields": {"name": "Порошковый", "slug": "ognetushitel-poroshkovyj-op"}}, {"model": "shop.producttype", "pk": 2, "fields": {"name": "Углекислотный", "slug": "ognetushitel-uglekislotnyj-ou"}}, {"model": "shop.producttype", "pk": 4, "fields": {"name": "Подставка", "slug": "podstavka-pod-ognetushitel"}}, {"model": "shop.producttype", "pk": 5, "fields": {"name": "Кронштейн", "slug": "kronshtejn-dlya-ognetushitelya"}}, {"model": "shop.product", "pk": 2, "fields": {"name": "ОП-2 АВСЕ", "product_code": 150001, "price": "410", "image": "product_img/op_2.jpg", "description": "Огнетушитель порошковый ОП-2(з) — переносной огнетушитель закачного типа с массой заряда огнетушащего вещества (ОТВ) 2 кг.\r\n\r\nБаллон огнетушителя закачного типа находится под давлением, уровень которого можно контролировать по манометру, встроенному в запорно-пусковое устройство (ЗПУ) огнетушителя\r\n\r\nМатериал корпуса: металл, Длина выброса ОТВ: 2 м, Время выхода ОТВ: 6 сек, Мах масса заряженного огнетушителя: 2,6 - 2,9 кг, Масса заряда: 1 кг, Температура эксплуатации: от -50°С до +50°С, Габаритные размеры: 340 х 110 мм\r\n\r\nДанная модель подходит для установки в автомобилях, так как устойчива к вибрациям. Срок службы - 10 лет.\r\nПерезарядка огнетушителя 1 раз в 5 лет\r\nГарантийный срок эксплуатации: 1 год", "created_at": "2024-07-21T18:57:06.473Z", "updated_at": "2024-09-07T13:26:41.312Z", "available": true, "slug": "op-2-avse", "category": 1, "construction": 1, "fire_class": 5, "usage": 22, "rang_model_hearth": 6, "product_type": 1}}, {"model": "shop.product", "pk": 3, "fields": {"name": "ОП-3 АВСЕ", "product_code": 150002, "price": "471", "image": "product_img/op_3.jpg", "description": "Огнетушитель порошковый ОП-3(з) — переносной огнетушитель закачного типа с массой заряда огнетушащего вещества (ОТВ) 3 кг.\r\n\r\nБаллон огнетушителя закачного типа находится под давлением, уровень которого можно контролировать по манометру, встроенному в запорно-пусковое устройство (ЗПУ) огнетушителя\r\n\r\nМатериал корпуса: металл, Длина выброса ОТВ: 2 м, Время выхода ОТВ: 8 сек, Мах масса заряженного огнетушителя: 3,9 - 4,2 кг, Масса заряда: 3 кг, Температура эксплуатации: от -50°С до +50°С, Габаритные размеры: 440 х 110 мм\r\n\r\nДанная модель подходит для установки в автомобилях, так как устойчива к вибрациям. \r\n\r\nВозможны модификации огнетушителя ОП-3(з)-AВСЕ в соответствии с классами пожара:\r\n\r\nА — пожары твердых горючих веществ и материалов;\r\nВ — пожары горючих жидкостей или плавящихся твердых веществ и материалов;\r\nС — пожары газов;\r\nЕ — пожары горючих веществ и материалов электроустановок, находящихся под напряжением.\r\n\r\nСрок службы - 10 лет.\r\nПерезарядка огнетушителя 1 раз в 5 лет.\r\nГарантийный срок 1 год.", "created_at": "2024-07-22T15:15:40.577Z", "updated_at": "2024-09-07T13:27:11.059Z", "available": true, "slug": "op-3-avse", "category": 1, "construction": 1, "fire_class": 5, "usage": 23, "rang_model_hearth": 7, "product_type": 1}}, {"model": "shop.product", "pk": 4, "fields": {"name": "ОП-4 АВСЕ", "product_code": 150003, "price": "593", "image": "product_img/op_4.jpg", "description": "Огнетушитель порошковый ОП-4(з) — переносной огнетушитель закачного типа с массой заряда огнетушащего вещества (ОТВ) 4 кг.\r\n\r\nБаллон огнетушителя закачного типа находится под давлением, уровень которого можно контролировать по манометру, встроенному в запорно-пусковое устройство (ЗПУ) огнетушителя\r\n\r\nМатериал корпуса: металл,  Длина выброса ОТВ: 3 м, Время выхода ОТВ: 10 сек, Мах масса заряженного огнетушителя: 5,2 - 5,6 кг, Масса заряда: 4 кг, Температура эксплуатации: от -50°С до +50°С, Габаритные размеры: 430 х 133 мм\r\n\r\nОгнетушитель ОП являются наиболее распространенными в применении на транспорте, предприятиях и в быту.\r\n\r\nВозможны модификации огнетушителя ОП-4(з)-AВСЕ в соответствии с классами пожара:\r\n\r\nА — пожары твердых горючих веществ и материалов;\r\nВ — пожары горючих жидкостей или плавящихся твердых веществ и материалов;\r\nС — пожары газов;\r\nЕ — пожары горючих веществ и материалов электроустановок, находящихся под напряжением.\r\n\r\nСрок службы - 10 лет.\r\nПерезарядка огнетушителя 1 раз в 5 лет.\r\nГарантийный срок 1 год.", "created_at": "2024-07-22T15:26:56.630Z", "updated_at": "2024-09-07T13:27:35.818Z", "available": true, "slug": "op-4-avse", "category": 1, "construction": 1, "fire_class": 5, "usage": 23, "rang_model_hearth": 8, "product_type": 1}}, {"model": "shop.product", "pk": 5, "fields": {"name": "ОП-5 АВСЕ", "product_code": 150004, "price": "657", "image": "product_img/op_5.jpg", "description": "Огнетушитель порошковый ОП-5(з) — переносной огнетушитель закачного типа с массой заряда огнетушащего вещества (ОТВ) 5 кг.\r\n\r\nБаллон огнетушителя закачного типа находится под давлением, уровень которого можно контролировать по манометру, встроенному в запорно-пусковое устройство (ЗПУ) огнетушителя\r\n\r\nМатериал корпуса: металл,  Длина выброса ОТВ: 3 м, Время выхода ОТВ: 10 сек, Мах масса заряженного огнетушителя: 6,4 - 6,9 кг, Масса заряда: 5 кг, Температура эксплуатации: от -50°С до +50°С, Габаритные размеры: 520 х 133 / 400 х 160 мм\r\n\r\nОгнетушитель порошковый ОП-5 предназначен для защиты промышленных и гражданских объектов в качестве первичного средства тушения возгораний.\r\n\r\nВозможны модификации огнетушителя ОП-5(з)-AВСЕ-ВСЕ в соответствии с классами пожара:\r\n\r\nА — пожары твердых горючих веществ и материалов;\r\nВ — пожары горючих жидкостей или плавящихся твердых веществ и материалов;\r\nС — пожары газов;\r\nЕ — пожары горючих веществ и материалов электроустановок, находящихся под напряжением.\r\n\r\nСрок службы - 10 лет.\r\nПерезарядка огнетушителя 1 раз в 5 лет.\r\nГарантийный срок 1 год.", "created_at": "2024-07-22T15:31:05.145Z", "updated_at": "2024-09-07T13:27:46.537Z", "available": true, "slug": "op-5-avse", "category": 1, "construction": 1, "fire_class": 5, "usage": 23, "rang_model_hearth": 9, "product_type": 1}}, {"model": "shop.product", "pk": 6, "fields": {"name": "ОП-6 АВСЕ", "product_code": 150005, "price": "763", "image": "product_img/op_6.jpg", "description": "Огнетушитель порошковый ОП-6(з) — переносной огнетушитель закачного типа с массой заряда огнетушащего вещества (ОТВ) 6 кг.\r\n\r\nБаллон огнетушителя закачного типа находится под давлением, уровень которого можно контролировать по манометру, встроенному в запорно-пусковое устройство (ЗПУ) огнетушителя\r\n\r\nМатериал корпуса: металл,  Длина выброса ОТВ: 3 м, Время выхода ОТВ: 12 сек, Мах масса заряженного огнетушителя: 7,7 - 8,3 кг, Масса заряда: 6 кг, Температура эксплуатации: от -50°С до +50°С, Габаритные размеры: 450 х 160 мм\r\n\r\nОгнетушитель порошковый ОП-6 предназначен для защиты промышленных и гражданских объектов в качестве первичного средства тушения возгораний.\r\n\r\nВозможны модификации огнетушителя ОП-6(з)-AВСЕ в соответствии с классами пожара:\r\n\r\nА — пожары твердых горючих веществ и материалов;\r\nВ — пожары горючих жидкостей или плавящихся твердых веществ и материалов;\r\nС — пожары газов;\r\nЕ — пожары горючих веществ и материалов электроустановок, находящихся под напряжением.\r\n\r\nСрок службы - 10 лет.\r\nПерезарядка огнетушителя 1 раз в 5 лет.\r\nГарантийный срок 1 год.", "created_at": "2024-07-22T15:39:12.661Z", "updated_at": "2024-09-07T13:28:06.616Z", "available": true, "slug": "op-6-avse", "category": 1, "construction": 1, "fire_class": 5, "usage": 24, "rang_model_hearth": 10, "product_type": 1}}, {"model": "shop.product", "pk": 7, "fields": {"name": "ОП-8 АВСЕ", "product_code": 150006, "price": "848", "image": "product_img/op_8.jpg", "description": "Огнетушитель порошковый ОП-8(з) — переносной огнетушитель закачного типа с массой заряда огнетушащего вещества (ОТВ) 8 кг.\r\n\r\nБаллон огнетушителя закачного типа находится под давлением, уровень которого можно контролировать по манометру, встроенному в запорно-пусковое устройство (ЗПУ) огнетушителя\r\n\r\nМатериал корпуса: металл,  Длина выброса ОТВ: 4 м, Время выхода ОТВ: 15 сек, Мах масса заряженного огнетушителя: 10,0 - 10,8 кг, Масса заряда: 8 кг, Температура эксплуатации: от -50°С до +50°С, Габаритные размеры: 545 х 160 мм\r\n\r\nОгнетушитель порошковый ОП-8 предназначен для защиты промышленных и гражданских объектов в качестве первичного средства тушения возгораний.\r\n\r\nВозможны модификации огнетушителя ОП-8(з)-AВСЕ в соответствии с классами пожара:\r\n\r\nА — пожары твердых горючих веществ и материалов;\r\nВ — пожары горючих жидкостей или плавящихся твердых веществ и материалов;\r\nС — пожары газов;\r\nЕ — пожары горючих веществ и материалов электроустановок, находящихся под напряжением.\r\n\r\nСрок службы - 10 лет.\r\nПерезарядка огнетушителя 1 раз в 5 лет.\r\nГарантийный срок 1 год.", "created_at": "2024-07-22T15:46:28.918Z", "updated_at": "2024-09-07T13:28:39.685Z", "available": true, "slug": "op-8-avse", "category": 1, "construction": 1, "fire_class": 5, "usage": 22, "rang_model_hearth": 11, "product_type": 1}}, {"model": "shop.product", "pk": 8, "fields": {"name": "ОП-9 АВСЕ", "product_code": 150007, "price": "1097", "image": "product_img/op_9.jpg", "description": "Огнетушитель порошковый ОП-9(з) — переносной огнетушитель закачного типа с массой заряда огнетушащего вещества (ОТВ) 9 кг.\r\n\r\nБаллон огнетушителя закачного типа находится под давлением, уровень которого можно контролировать по манометру, встроенному в запорно-пусковое устройство (ЗПУ) огнетушителя\r\n\r\nМатериал корпуса: металл,  Длина выброса ОТВ: 4 м, Время выхода ОТВ: 15 сек, Мах масса заряженного огнетушителя: 11,9 - 12,8 кг, Масса заряда: 9 кг, Температура эксплуатации: от -50°С до +50°С, Габаритные размеры: 595 х 160 мм\r\n\r\nОгнетушитель порошковый ОП-9 предназначен для защиты промышленных и гражданских объектов в качестве первичного средства тушения возгораний.\r\n\r\nВозможны модификации огнетушителя ОП-9(з)-AВСЕ в соответствии с классами пожара:\r\n\r\nА — пожары твердых горючих веществ и материалов;\r\nВ — пожары горючих жидкостей или плавящихся твердых веществ и материалов;\r\nС — пожары газов;\r\nЕ — пожары горючих веществ и материалов электроустановок, находящихся под напряжением.\r\n\r\nСрок службы - 10 лет.\r\nПерезарядка огнетушителя 1 раз в 5 лет.\r\nГарантийный срок 1 год.", "created_at": "2024-07-22T16:00:22.359Z", "updated_at": "2024-09-07T13:28:51.320Z", "available": true, "slug": "op-9-avse", "category": 1, "construction": 1, "fire_class": 5, "usage": 2, "rang_model_hearth": 11, "product_type": 1}}, {"model": "shop.product", "pk": 9, "fields": {"name": "ОП-10 АВСЕ", "product_code": 150008, "price": "1068", "image": "product_img/op_10.jpg", "description": "Огнетушитель порошковый ОП-10(з) — переносной огнетушитель закачного типа с массой заряда огнетушащего вещества (ОТВ) 10 кг.\r\n\r\nБаллон огнетушителя закачного типа находится под давлением, уровень которого можно контролировать по манометру, встроенному в запорно-пусковое устройство (ЗПУ) огнетушителя\r\n\r\nМатериал корпуса: металл,  Длина выброса ОТВ: 4 м, Время выхода ОТВ: 15 сек, Мах масса заряженного огнетушителя: 12,5 - 13,5 кг, Масса заряда: 10 кг, Температура эксплуатации: от -50°С до +50°С, Габаритные размеры: 640 х 160 мм\r\n\r\nОгнетушитель порошковый ОП-10 предназначен для защиты промышленных и гражданских объектов в качестве первичного средства тушения возгораний.\r\n\r\nВозможны модификации огнетушителя ОП-10(з)-AВСЕ в соответствии с классами пожара:\r\n\r\nА — пожары твердых горючих веществ и материалов;\r\nВ — пожары горючих жидкостей или плавящихся твердых веществ и материалов;\r\nС — пожары газов;\r\nЕ — пожары горючих веществ и материалов электроустановок, находящихся под напряжением.\r\n\r\nСрок службы - 10 лет.\r\nПерезарядка огнетушителя 1 раз в 5 лет.\r\nГарантийный срок 1 год.", "created_at": "2024-07-22T16:03:54.399Z", "updated_at": "2024-09-07T13:25:27.917Z", "available": true, "slug": "op-10-avse", "category": 1, "construction": 1, "fire_class": 5, "usage": 24, "rang_model_hearth": 11, "product_type": 1}}, {"model": "shop.product", "pk": 10, "fields": {"name": "ОП-25 АВСЕ", "product_code": 150009, "price": "3859", "image": "product_img/op_25.jpg", "description": "Огнетушитель порошковый ОП-25(з) — передвижной огнетушитель закачного типа с массой заряда огнетушащего вещества (ОТВ) 25 кг.\r\n\r\nБаллон огнетушителя закачного типа находится под давлением, уровень которого можно контролировать по манометру, встроенному в запорно-пусковое устройство (ЗПУ) огнетушителя\r\n\r\nМатериал корпуса: металл,  Длина выброса ОТВ: 6 м, Время выхода ОТВ: 20 сек, Мах масса заряженного огнетушителя: 33,33 - 35,83 кг, Масса заряда: 25 кг, Температура эксплуатации: от -50°С до +50°С, Габаритные размеры: 700 х 380 мм\r\n\r\nОгнетушитель порошковый ОП-25 предназначен для защиты промышленных и гражданских объектов в качестве первичного средства тушения возгораний.\r\n\r\nВозможны модификации огнетушителя ОП-25(з)-AВСЕ в соответствии с классами пожара:\r\n\r\nА — пожары твердых горючих веществ и материалов;\r\nВ — пожары горючих жидкостей или плавящихся твердых веществ и материалов;\r\nС — пожары газов;\r\nЕ — пожары горючих веществ и материалов электроустановок, находящихся под напряжением.\r\n\r\nСрок службы - 10 лет.\r\nПерезарядка огнетушителя 1 раз в 5 лет.\r\nГарантийный срок 1 год.", "created_at": "2024-07-22T16:10:38.040Z", "updated_at": "2024-09-07T13:26:56.161Z", "available": true, "slug": "op-25-avse", "category": 1, "construction": 2, "fire_class": 5, "usage": 5, "rang_model_hearth": 12, "product_type": 1}}, {"model": "shop.product", "pk": 11, "fields": {"name": "ОП-35 АВСЕ", "product_code": 150010, "price": "4425", "image": "product_img/op_35.jpg", "description": "Огнетушитель порошковый ОП-35(з) — передвижной огнетушитель закачного типа с массой заряда огнетушащего вещества (ОТВ) 35 кг.\r\n\r\nБаллон огнетушителя закачного типа находится под давлением, уровень которого можно контролировать по манометру, встроенному в запорно-пусковое устройство (ЗПУ) огнетушителя\r\n\r\nМатериал корпуса: металл,  Длина выброса ОТВ: 6 м, Время выхода ОТВ: 20 сек, Мах масса заряженного огнетушителя: 44,24 - 47,74 кг, Масса заряда: 35 кг, Температура эксплуатации: от -50°С до +50°С, Габаритные размеры: 680 х 380 мм\r\n\r\nОгнетушитель порошковый ОП-35 предназначен для защиты промышленных и гражданских объектов в качестве первичного средства тушения возгораний.\r\n\r\nВозможны модификации огнетушителя ОП-35(з)-AВСЕ в соответствии с классами пожара:\r\n\r\nА — пожары твердых горючих веществ и материалов;\r\nВ — пожары горючих жидкостей или плавящихся твердых веществ и материалов;\r\nС — пожары газов;\r\nЕ — пожары горючих веществ и материалов электроустановок, находящихся под напряжением.\r\n\r\nСрок службы - 10 лет.\r\nПерезарядка огнетушителя 1 раз в 5 лет.\r\nГарантийный срок 1 год.", "created_at": "2024-07-22T16:13:01.337Z", "updated_at": "2024-09-07T13:27:26.301Z", "available": true, "slug": "op-35-avse", "category": 1, "construction": 2, "fire_class": 5, "usage": 5, "rang_model_hearth": 12, "product_type": 1}}, {"model": "shop.product", "pk": 12, "fields": {"name": "ОП-50 АВСЕ", "product_code": 150011, "price": "6292", "image": "product_img/op_50.jpg", "description": "Огнетушитель порошковый ОП-50(з) — передвижной огнетушитель закачного типа с массой заряда огнетушащего вещества (ОТВ) 50 кг.\r\n\r\nБаллон огнетушителя закачного типа находится под давлением, уровень которого можно контролировать по манометру, встроенному в запорно-пусковое устройство (ЗПУ) огнетушителя\r\n\r\nМатериал корпуса: металл,  Длина выброса ОТВ: 6 м, Время выхода ОТВ: 20 сек, Мах масса заряженного огнетушителя: 63,25 - 68,25 кг, Масса заряда: 50 кг, Температура эксплуатации: от -50°С до +50°С, Габаритные размеры: 950 х 440 мм\r\n\r\nОгнетушитель порошковый ОП-50 предназначен для защиты промышленных и гражданских объектов в качестве первичного средства тушения возгораний.\r\n\r\nВозможны модификации огнетушителя ОП-50(з)-AВСЕ в соответствии с классами пожара:\r\n\r\nА — пожары твердых горючих веществ и материалов;\r\nВ — пожары горючих жидкостей или плавящихся твердых веществ и материалов;\r\nС — пожары газов;\r\nЕ — пожары горючих веществ и материалов электроустановок, находящихся под напряжением.\r\n\r\nСрок службы - 10 лет.\r\nПерезарядка огнетушителя 1 раз в 5 лет.\r\nГарантийный срок 1 год.", "created_at": "2024-07-22T16:15:44.113Z", "updated_at": "2024-09-07T13:27:57.419Z", "available": true, "slug": "op-50-avse", "category": 1, "construction": 2, "fire_class": 5, "usage": 5, "rang_model_hearth": 12, "product_type": 1}}, {"model": "shop.product", "pk": 13, "fields": {"name": "ОП-70 АВСЕ", "product_code": 150012, "price": "7809", "image": "product_img/op_70.png", "description": "Огнетушитель порошковый ОП-70(з) — передвижной огнетушитель закачного типа с массой заряда огнетушащего вещества (ОТВ) 70 кг.\r\n\r\nБаллон огнетушителя закачного типа находится под давлением, уровень которого можно контролировать по манометру, встроенному в запорно-пусковое устройство (ЗПУ) огнетушителя\r\n\r\nМатериал корпуса: металл,  Длина выброса ОТВ: 6 м, Время выхода ОТВ: 30 сек, Мах масса заряженного огнетушителя: 86,76 - 93,76 кг, Масса заряда: 70 кг, Температура эксплуатации: от -50°С до +50°С, Габаритные размеры: 1200 х 440 мм\r\n\r\nОгнетушитель порошковый ОП-70 предназначен для защиты промышленных и гражданских объектов в качестве первичного средства тушения возгораний.\r\n\r\nВозможны модификации огнетушителя ОП-70(з)-AВСЕ в соответствии с классами пожара:\r\n\r\nА — пожары твердых горючих веществ и материалов;\r\nВ — пожары горючих жидкостей или плавящихся твердых веществ и материалов;\r\nС — пожары газов;\r\nЕ — пожары горючих веществ и материалов электроустановок, находящихся под напряжением.\r\n\r\nСрок службы - 10 лет.\r\nПерезарядка огнетушителя 1 раз в 5 лет.\r\nГарантийный срок 1 год.", "created_at": "2024-07-22T16:18:03.183Z", "updated_at": "2024-09-07T13:28:24.416Z", "available": true, "slug": "op-70-avse", "category": 1, "construction": 2, "fire_class": 5, "usage": 5, "rang_model_hearth": 13, "product_type": 1}}, {"model": "shop.product", "pk": 14, "fields": {"name": "ОП-100 АВСЕ", "product_code": 150013, "price": "11881", "image": "product_img/op_100.jpeg", "description": "Огнетушитель порошковый ОП-100(з) — передвижной огнетушитель закачного типа с массой заряда огнетушащего вещества (ОТВ) 100 кг.\r\n\r\nБаллон огнетушителя закачного типа находится под давлением, уровень которого можно контролировать по манометру, встроенному в запорно-пусковое устройство (ЗПУ) огнетушителя\r\n\r\nМатериал корпуса: металл,  Длина выброса ОТВ: 6 м, Время выхода ОТВ: 30 сек, Мах масса заряженного огнетушителя: 126,09 - 136,09 кг, Масса заряда: 100 кг, Температура эксплуатации: от -50°С до +50°С, Габаритные размеры: 1150 х 480 мм\r\n\r\nОгнетушитель порошковый ОП-100 предназначен для защиты промышленных и гражданских объектов в качестве первичного средства тушения возгораний.\r\n\r\nВозможны модификации огнетушителя ОП-100(з)-AВСЕ в соответствии с классами пожара:\r\n\r\nА — пожары твердых горючих веществ и материалов;\r\nВ — пожары горючих жидкостей или плавящихся твердых веществ и материалов;\r\nС — пожары газов;\r\nЕ — пожары горючих веществ и материалов электроустановок, находящихся под напряжением.\r\n\r\nСрок службы - 10 лет.\r\nПерезарядка огнетушителя 1 раз в 5 лет.\r\nГарантийный срок 1 год.", "created_at": "2024-07-22T16:20:49.529Z", "updated_at": "2024-09-07T13:26:31.784Z", "available": true, "slug": "op-100-avse", "category": 1, "construction": 2, "fire_class": 5, "usage": 5, "rang_model_hearth": 13, "product_type": 1}}, {"model": "shop.product", "pk": 15, "fields": {"name": "ОУ-1 BCE", "product_code": 150014, "price": "1179", "image": "product_img/ou_1.jpg", "description": "Огнетушитель ОУ-1 — переносной углекислотный огнетушитель с массой заряда огнетушащего вещества (ОТВ) 1 кг.\r\n\r\nБаллон огнетушителя наполнен двуокисью углерода и находится под давлением.\r\nУглекислотный огнетушитель ОУ-1 предназначен для защиты промышленных и гражданских объектов в качестве первичного средства тушения возгораний.\r\n\r\nМатериал корпуса: металл,  Длина выброса ОТВ: 2 м, Время выхода ОТВ: 6 сек, Мах масса заряженного огнетушителя: 4,5 кг, Масса заряда: 1 кг, Температура эксплуатации: от -40°С до 50°С, Габаритные размеры: 400 х 90 мм\r\n\r\nОгнетушитель порошковый ОУ-1 предназначен для защиты промышленных и гражданских объектов в качестве первичного средства тушения возгораний.\r\n\r\nУглекислотный огнетушитель ОУ-1 ВСЕ применяется для тушения в соответствии с классами пожара:\r\n\r\nВ — пожары горючих жидкостей или плавящихся твердых веществ и материалов;\r\nС — пожары газов;\r\nЕ — пожары горючих веществ и материалов электроустановок, находящихся под напряжением.\r\nУглекислотные огнетушители ОУ-1 НЕ ПРЕДНАЗНАЧЕНЫ для тушения возгораний, соответствующих классу пожара А — пожары твердых горючих веществ и материалов.\r\n\r\nСрок службы - 10 лет.\r\nОгнетушитель необходимо перезаряжать после использования, либо по истечении срока 5 лет.\r\nГарантийный срок 1 год.", "created_at": "2024-07-22T16:25:38.020Z", "updated_at": "2024-09-07T13:29:04.073Z", "available": true, "slug": "ou-1-bce", "category": 1, "construction": 1, "fire_class": 6, "usage": 25, "rang_model_hearth": 14, "product_type": 2}}, {"model": "shop.product", "pk": 16, "fields": {"name": "ОУ-2 BCE", "product_code": 150015, "price": "1199", "image": "product_img/ou_2.jpg", "description": "Огнетушитель ОУ-2 — переносной углекислотный огнетушитель с массой заряда огнетушащего вещества (ОТВ) 2 кг.\r\n\r\nБаллон огнетушителя наполнен двуокисью углерода и находится под давлением.\r\nУглекислотный огнетушитель ОУ-2 предназначен для защиты промышленных и гражданских объектов в качестве первичного средства тушения возгораний.\r\n\r\nМатериал корпуса: металл,  Длина выброса ОТВ: 2 м, Время выхода ОТВ: 6 сек, Мах масса заряженного огнетушителя: 7,5 кг, Масса заряда: 2 кг, Температура эксплуатации: от -40°С до 50°С, Габаритные размеры: 440 х 114 мм\r\n\r\nОгнетушитель порошковый ОУ-2 предназначен для защиты промышленных и гражданских объектов в качестве первичного средства тушения возгораний.\r\n\r\nУглекислотный огнетушитель ОУ-2 ВСЕ применяется для тушения в соответствии с классами пожара:\r\n\r\nВ — пожары горючих жидкостей или плавящихся твердых веществ и материалов;\r\nС — пожары газов;\r\nЕ — пожары горючих веществ и материалов электроустановок, находящихся под напряжением.\r\nУглекислотные огнетушители ОУ-1 НЕ ПРЕДНАЗНАЧЕНЫ для тушения возгораний, соответствующих классу пожара А — пожары твердых горючих веществ и материалов.\r\n\r\nСрок службы - 10 лет.\r\nОгнетушитель необходимо перезаряжать после использования, либо по истечении срока 5 лет.\r\nГарантийный срок 1 год.", "created_at": "2024-07-22T17:28:46.083Z", "updated_at": "2024-09-07T13:30:58.592Z", "available": true, "slug": "ou-2-bce", "category": 1, "construction": 1, "fire_class": 6, "usage": 25, "rang_model_hearth": 15, "product_type": 2}}, {"model": "shop.product", "pk": 17, "fields": {"name": "ОУ-3 BCE", "product_code": 150016, "price": "1516", "image": "product_img/ou_3.jpg", "description": "Огнетушитель ОУ-3 — переносной углекислотный огнетушитель с массой заряда огнетушащего вещества (ОТВ) 3 кг.\r\n\r\nБаллон огнетушителя наполнен двуокисью углерода и находится под давлением.\r\nУглекислотный огнетушитель ОУ-3 предназначен для защиты промышленных и гражданских объектов в качестве первичного средства тушения возгораний.\r\n\r\nМатериал корпуса: металл,  Длина выброса ОТВ: 3 м, Время выхода ОТВ: 8 сек, Мах масса заряженного огнетушителя: 10,5 кг, Масса заряда: 3 кг, Температура эксплуатации: от -40°С до 50°С, Габаритные размеры: 600 х 114 мм\r\nОгнетушитель порошковый ОУ-3 предназначен для защиты промышленных и гражданских объектов в качестве первичного средства тушения возгораний.\r\n\r\nУглекислотный огнетушитель ОУ-3 ВСЕ применяется для тушения в соответствии с классами пожара:\r\n•\tВ — пожары горючих жидкостей или плавящихся твердых веществ и материалов;\r\n•\tС — пожары газов;\r\n•\tЕ — пожары горючих веществ и материалов электроустановок, находящихся под напряжением.\r\n\r\nУглекислотные огнетушители ОУ-3 НЕ ПРЕДНАЗНАЧЕНЫ для тушения возгораний, соответствующих классу пожара А — пожары твердых горючих веществ и материалов.\r\n\r\nСрок службы - 10 лет.\r\nОгнетушитель необходимо перезаряжать после использования, либо по истечении срока 5 лет.\r\nГарантийный срок 1 год.", "created_at": "2024-07-22T17:33:58.933Z", "updated_at": "2024-09-07T13:32:38.142Z", "available": true, "slug": "ou-3-bce", "category": 1, "construction": 1, "fire_class": 6, "usage": 25, "rang_model_hearth": 16, "product_type": 2}}, {"model": "shop.product", "pk": 18, "fields": {"name": "ОУ-4 BCE", "product_code": 150017, "price": "2446", "image": "product_img/ou_4.jpg", "description": "Огнетушитель ОУ-4 — переносной углекислотный огнетушитель с массой заряда огнетушащего вещества (ОТВ) 4 кг.\r\n\r\nБаллон огнетушителя наполнен двуокисью углерода и находится под давлением.\r\nУглекислотный огнетушитель ОУ-4 предназначен для защиты промышленных и гражданских объектов в качестве первичного средства тушения возгораний.\r\n\r\nМатериал корпуса: металл,  Длина выброса ОТВ: 3 м, Время выхода ОТВ: 8 сек, Мах масса заряженного огнетушителя: 13,6 кг, Масса заряда: 4 кг, Температура эксплуатации: от -40°С до 50°С, Габаритные размеры: 600 х 135 мм\r\n\r\nОгнетушитель порошковый ОУ-4 предназначен для защиты промышленных и гражданских объектов в качестве первичного средства тушения возгораний.\r\n\r\nУглекислотный огнетушитель ОУ-4 ВСЕ применяется для тушения в соответствии с классами пожара:\r\n•\tВ — пожары горючих жидкостей или плавящихся твердых веществ и материалов;\r\n•\tС — пожары газов;\r\n•\tЕ — пожары горючих веществ и материалов электроустановок, находящихся под напряжением.\r\n\r\nУглекислотные огнетушители ОУ-4 НЕ ПРЕДНАЗНАЧЕНЫ для тушения возгораний, соответствующих классу пожара А — пожары твердых горючих веществ и материалов.\r\n\r\nСрок службы - 10 лет.\r\nОгнетушитель необходимо перезаряжать после использования, либо по истечении срока 5 лет.\r\nГарантийный срок 1 год.", "created_at": "2024-07-22T17:46:50.710Z", "updated_at": "2024-09-07T13:32:52.992Z", "available": true, "slug": "ou-4-bce", "category": 1, "construction": 1, "fire_class": 6, "usage": 28, "rang_model_hearth": 16, "product_type": 2}}, {"model": "shop.product", "pk": 19, "fields": {"name": "ОУ-5 BCE", "product_code": 150018, "price": "2292", "image": "product_img/ou_5.jpg", "description": "Огнетушитель ОУ-5 — переносной углекислотный огнетушитель с массой заряда огнетушащего вещества (ОТВ) 5 кг.\r\n\r\nБаллон огнетушителя наполнен двуокисью углерода и находится под давлением.\r\nУглекислотный огнетушитель ОУ-5 предназначен для защиты промышленных и гражданских объектов в качестве первичного средства тушения возгораний.\r\n\r\nМатериал корпуса: металл,  Длина выброса ОТВ: 3 м, Время выхода ОТВ: 8 сек, Мах масса заряженного огнетушителя: 16 кг, Масса заряда: 5 кг, Температура эксплуатации: от -40°С до 50°С, Габаритные размеры: 700 х 135 мм\r\n\r\nОгнетушитель порошковый ОУ-5 предназначен для защиты промышленных и гражданских объектов в качестве первичного средства тушения возгораний.\r\n\r\nУглекислотный огнетушитель ОУ-5 ВСЕ применяется для тушения в соответствии с классами пожара:\r\n•\tВ — пожары горючих жидкостей или плавящихся твердых веществ и материалов;\r\n•\tС — пожары газов;\r\n•\tЕ — пожары горючих веществ и материалов электроустановок, находящихся под напряжением.\r\n\r\nУглекислотные огнетушители ОУ-5 НЕ ПРЕДНАЗНАЧЕНЫ для тушения возгораний, соответствующих классу пожара А — пожары твердых горючих веществ и материалов.\r\n\r\nСрок службы - 10 лет.\r\nОгнетушитель необходимо перезаряжать после использования, либо по истечении срока 5 лет.\r\nГарантийный срок 1 год.", "created_at": "2024-07-22T17:58:31.056Z", "updated_at": "2024-09-07T13:33:15.432Z", "available": true, "slug": "ou-5-bce", "category": 1, "construction": 1, "fire_class": 6, "usage": 28, "rang_model_hearth": 17, "product_type": 2}}, {"model": "shop.product", "pk": 20, "fields": {"name": "ОУ-6 BCE", "product_code": 150019, "price": "2850", "image": "product_img/ou_6.jpeg", "description": "Огнетушитель ОУ-6 — переносной углекислотный огнетушитель с массой заряда огнетушащего вещества (ОТВ) 6 кг.\r\n\r\nБаллон огнетушителя наполнен двуокисью углерода и находится под давлением.\r\nУглекислотный огнетушитель ОУ-6 предназначен для защиты промышленных и гражданских объектов в качестве первичного средства тушения возгораний.\r\n\r\nМатериал корпуса: металл,  Длина выброса ОТВ: 3 м, Время выхода ОТВ: 10 сек, Мах масса заряженного огнетушителя: 18 кг, Масса заряда: 6 кг, Температура эксплуатации: от -40°С до 50°С, Габаритные размеры: 790 х 135 мм\r\n\r\nОгнетушитель порошковый ОУ-6 предназначен для защиты промышленных и гражданских объектов в качестве первичного средства тушения возгораний.\r\n\r\nУглекислотный огнетушитель ОУ-6 ВСЕ применяется для тушения в соответствии с классами пожара:\r\n•\tВ — пожары горючих жидкостей или плавящихся твердых веществ и материалов;\r\n•\tС — пожары газов;\r\n•\tЕ — пожары горючих веществ и материалов электроустановок, находящихся под напряжением.\r\n\r\nУглекислотные огнетушители ОУ-6 НЕ ПРЕДНАЗНАЧЕНЫ для тушения возгораний, соответствующих классу пожара А — пожары твердых горючих веществ и материалов.\r\n\r\nСрок службы - 10 лет.\r\nОгнетушитель необходимо перезаряжать после использования, либо по истечении срока 5 лет.\r\nГарантийный срок 1 год.", "created_at": "2024-07-22T18:02:08.688Z", "updated_at": "2024-09-07T13:33:53.898Z", "available": true, "slug": "ou-6-bce", "category": 1, "construction": 1, "fire_class": 6, "usage": 6, "rang_model_hearth": 18, "product_type": 2}}, {"model": "shop.product", "pk": 21, "fields": {"name": "ОУ-7 BCE", "product_code": 150020, "price": "2956", "image": "product_img/ou_7.jpeg", "description": "Огнетушитель ОУ-7 — переносной углекислотный огнетушитель с массой заряда огнетушащего вещества (ОТВ) 7 кг.\r\n\r\nБаллон огнетушителя наполнен двуокисью углерода и находится под давлением.\r\nУглекислотный огнетушитель ОУ-7 предназначен для защиты промышленных и гражданских объектов в качестве первичного средства тушения возгораний.\r\n\r\nМатериал корпуса: металл,  Длина выброса ОТВ: 4 м, Время выхода ОТВ: 15 сек, Мах масса заряженного огнетушителя: 20 кг, Масса заряда: 7 кг, Температура эксплуатации: от -40°С до 50°С, Габаритные размеры: 900 х 135 мм\r\n\r\nОгнетушитель порошковый ОУ-7 предназначен для защиты промышленных и гражданских объектов в качестве первичного средства тушения возгораний.\r\n\r\nУглекислотный огнетушитель ОУ-7 ВСЕ применяется для тушения в соответствии с классами пожара:\r\n•\tВ — пожары горючих жидкостей или плавящихся твердых веществ и материалов;\r\n•\tС — пожары газов;\r\n•\tЕ — пожары горючих веществ и материалов электроустановок, находящихся под напряжением.\r\n\r\nУглекислотные огнетушители ОУ-7 НЕ ПРЕДНАЗНАЧЕНЫ для тушения возгораний, соответствующих классу пожара А — пожары твердых горючих веществ и материалов.\r\n\r\nСрок службы - 10 лет.\r\nОгнетушитель необходимо перезаряжать после использования, либо по истечении срока 5 лет.\r\nГарантийный срок 1 год.", "created_at": "2024-07-22T18:05:24.767Z", "updated_at": "2024-09-07T13:34:04.306Z", "available": true, "slug": "ou-7-bce", "category": 1, "construction": 1, "fire_class": 6, "usage": 6, "rang_model_hearth": 18, "product_type": 2}}, {"model": "shop.product", "pk": 22, "fields": {"name": "ОУ-8 BCE", "product_code": 150021, "price": "5149", "image": "product_img/ou_8.jpg", "description": "Огнетушитель ОУ-8 — переносной углекислотный огнетушитель с массой заряда огнетушащего вещества (ОТВ) 8 кг.\r\n\r\nБаллон огнетушителя наполнен двуокисью углерода и находится под давлением.\r\nУглекислотный огнетушитель ОУ-8 предназначен для защиты промышленных и гражданских объектов в качестве первичного средства тушения возгораний.\r\n\r\nМатериал корпуса: металл,  Длина выброса ОТВ: 4 м, Время выхода ОТВ: 15 сек, Мах масса заряженного огнетушителя: 24 кг, Масса заряда: 8 кг, Температура эксплуатации: от -40°С до 50°С, Габаритные размеры: 770 х 160 мм\r\n\r\nОгнетушитель порошковый ОУ-8 предназначен для защиты промышленных и гражданских объектов в качестве первичного средства тушения возгораний.\r\n\r\nУглекислотный огнетушитель ОУ-8 ВСЕ применяется для тушения в соответствии с классами пожара:\r\n•\tВ — пожары горючих жидкостей или плавящихся твердых веществ и материалов;\r\n•\tС — пожары газов;\r\n•\tЕ — пожары горючих веществ и материалов электроустановок, находящихся под напряжением.\r\n\r\nУглекислотные огнетушители ОУ-8 НЕ ПРЕДНАЗНАЧЕНЫ для тушения возгораний, соответствующих классу пожара А — пожары твердых горючих веществ и материалов.\r\n\r\nСрок службы - 10 лет.\r\nОгнетушитель необходимо перезаряжать после использования, либо по истечении срока 5 лет.\r\nГарантийный срок 1 год.", "created_at": "2024-07-22T18:08:20.141Z", "updated_at": "2024-09-07T13:34:17.651Z", "available": true, "slug": "ou-8-bce", "category": 1, "construction": 1, "fire_class": 6, "usage": 6, "rang_model_hearth": 18, "product_type": 2}}, {"model": "shop.product", "pk": 23, "fields": {"name": "ОУ-10 BCE", "product_code": 150022, "price": "4944", "image": "product_img/ou_10.jpg", "description": "Огнетушитель ОУ-10 — передвижной углекислотный огнетушитель с массой заряда огнетушащего вещества (ОТВ) 10 кг.\r\n\r\nБаллон огнетушителя наполнен двуокисью углерода и находится под давлением.\r\nУглекислотный огнетушитель ОУ-10 предназначен для защиты промышленных и гражданских объектов в качестве первичного средства тушения возгораний.\r\n\r\nМатериал корпуса: металл,  Длина выброса ОТВ: 4 м, Время выхода ОТВ: 15 сек, Мах масса заряженного огнетушителя: 35 кг, Масса заряда: 10 кг, Температура эксплуатации: от -40°С до 50°С, Габаритные размеры: 900 х 160 мм\r\n\r\nОгнетушитель порошковый ОУ-10 предназначен для защиты промышленных и гражданских объектов в качестве первичного средства тушения возгораний.\r\n\r\nУглекислотный огнетушитель ОУ-10 ВСЕ применяется для тушения в соответствии с классами пожара:\r\n•\tВ — пожары горючих жидкостей или плавящихся твердых веществ и материалов;\r\n•\tС — пожары газов;\r\n•\tЕ — пожары горючих веществ и материалов электроустановок, находящихся под напряжением.\r\n\r\nУглекислотные огнетушители ОУ-10 НЕ ПРЕДНАЗНАЧЕНЫ для тушения возгораний, соответствующих классу пожара А — пожары твердых горючих веществ и материалов.\r\n\r\nСрок службы - 10 лет.\r\nОгнетушитель необходимо перезаряжать после использования, либо по истечении срока 5 лет.\r\nГарантийный срок 1 год.", "created_at": "2024-07-22T18:11:56.209Z", "updated_at": "2024-09-07T13:30:18.411Z", "available": true, "slug": "ou-10-bce", "category": 1, "construction": 2, "fire_class": 6, "usage": 6, "rang_model_hearth": 17, "product_type": 2}}, {"model": "shop.product", "pk": 24, "fields": {"name": "ОУ-15 BCE", "product_code": 150023, "price": "6668", "image": "product_img/ou_15.jpg", "description": "Огнетушитель ОУ-15 — передвижной углекислотный огнетушитель с массой заряда огнетушащего вещества (ОТВ) 15 кг.\r\n\r\nБаллон огнетушителя наполнен двуокисью углерода и находится под давлением.\r\nУглекислотный огнетушитель ОУ-15 предназначен для защиты промышленных и гражданских объектов в качестве первичного средства тушения возгораний.\r\n\r\nМатериал корпуса: металл,  Длина выброса ОТВ: 4 м, Время выхода ОТВ: 15 сек, Мах масса заряженного огнетушителя: 50 кг, Масса заряда: 15 кг, Температура эксплуатации: от -40°С до 50°С, Габаритные размеры: 2 х Ø135х1000 мм\r\n\r\nОгнетушитель порошковый ОУ-15 предназначен для защиты промышленных и гражданских объектов в качестве первичного средства тушения возгораний.\r\n\r\nУглекислотный огнетушитель ОУ-15 ВСЕ применяется для тушения в соответствии с классами пожара:\r\n•\tВ — пожары горючих жидкостей или плавящихся твердых веществ и материалов;\r\n•\tС — пожары газов;\r\n•\tЕ — пожары горючих веществ и материалов электроустановок, находящихся под напряжением.\r\n\r\nУглекислотные огнетушители ОУ-15 НЕ ПРЕДНАЗНАЧЕНЫ для тушения возгораний, соответствующих классу пожара А — пожары твердых горючих веществ и материалов.\r\n\r\nСрок службы - 10 лет.\r\nОгнетушитель необходимо перезаряжать после использования, либо по истечении срока 5 лет.\r\nГарантийный срок 1 год.", "created_at": "2024-07-22T18:14:59.235Z", "updated_at": "2024-09-07T13:30:48.016Z", "available": true, "slug": "ou-15-bce", "category": 1, "construction": 2, "fire_class": 6, "usage": 6, "rang_model_hearth": 18, "product_type": 2}}, {"model": "shop.product", "pk": 25, "fields": {"name": "ОУ-20 BCE", "product_code": 150024, "price": "9297", "image": "product_img/ou_20.jpeg", "description": "Огнетушитель ОУ-20 — передвижной углекислотный огнетушитель с массой заряда огнетушащего вещества (ОТВ) 20 кг.\r\n\r\nБаллон огнетушителя наполнен двуокисью углерода и находится под давлением.\r\nУглекислотный огнетушитель ОУ-20 предназначен для защиты промышленных и гражданских объектов в качестве первичного средства тушения возгораний.\r\n\r\nМатериал корпуса: металл,  Длина выброса ОТВ: 4 м, Время выхода ОТВ: 15 сек, Мах масса заряженного огнетушителя: 70 кг, Масса заряда: 20 кг, Температура эксплуатации: от -40°С до 50°С, Габаритные размеры: 2 х Ø160х950 мм\r\nОгнетушитель порошковый ОУ-20 предназначен для защиты промышленных и гражданских объектов в качестве первичного средства тушения возгораний.\r\n\r\nУглекислотный огнетушитель ОУ-20 ВСЕ применяется для тушения в соответствии с классами пожара:\r\n•\tВ — пожары горючих жидкостей или плавящихся твердых веществ и материалов;\r\n•\tС — пожары газов;\r\n•\tЕ — пожары горючих веществ и материалов электроустановок, находящихся под напряжением.\r\n\r\nУглекислотные огнетушители ОУ-20 НЕ ПРЕДНАЗНАЧЕНЫ для тушения возгораний, соответствующих классу пожара А — пожары твердых горючих веществ и материалов.\r\n\r\nСрок службы - 10 лет.\r\nОгнетушитель необходимо перезаряжать после использования, либо по истечении срока 5 лет.\r\nГарантийный срок 1 год.", "created_at": "2024-07-22T18:17:15.636Z", "updated_at": "2024-09-07T13:31:58.942Z", "available": true, "slug": "ou-20-bce", "category": 1, "construction": 1, "fire_class": 6, "usage": 6, "rang_model_hearth": 18, "product_type": 2}}, {"model": "shop.product", "pk": 26, "fields": {"name": "ОУ-25 BCE", "product_code": 150025, "price": "11947", "image": "product_img/ou_25.png", "description": "Огнетушитель ОУ-25 — передвижной углекислотный огнетушитель с массой заряда огнетушащего вещества (ОТВ) 25 кг.\r\nБаллон огнетушителя наполнен двуокисью углерода и находится под давлением.\r\n\r\nУглекислотный огнетушитель ОУ-25 предназначен для защиты промышленных и гражданских объектов в качестве первичного средства тушения возгораний.\r\n\r\nМатериал корпуса: металл,  Длина выброса ОТВ: 4 м, Время выхода ОТВ: 15 сек, Мах масса заряженного огнетушителя: 115 кг, Масса заряда: 25 кг, Температура эксплуатации: от -40°С до 50°С, Габаритные размеры: 2 х Ø160х1100 мм\r\n\r\nОгнетушитель порошковый ОУ-25 предназначен для защиты промышленных и гражданских объектов в качестве первичного средства тушения возгораний.\r\n\r\nУглекислотный огнетушитель ОУ-25 ВСЕ применяется для тушения в соответствии с классами пожара:\r\n•\tВ — пожары горючих жидкостей или плавящихся твердых веществ и материалов;\r\n•\tС — пожары газов;\r\n•\tЕ — пожары горючих веществ и материалов электроустановок, находящихся под напряжением.\r\n\r\nУглекислотные огнетушители ОУ-25 НЕ ПРЕДНАЗНАЧЕНЫ для тушения возгораний, соответствующих классу пожара А — пожары твердых горючих веществ и материалов.\r\n\r\nСрок службы - 10 лет.\r\nОгнетушитель необходимо перезаряжать после использования, либо по истечении срока 5 лет.\r\nГарантийный срок 1 год.", "created_at": "2024-07-22T18:20:07.467Z", "updated_at": "2024-09-07T13:32:14.655Z", "available": true, "slug": "ou-25-bce", "category": 1, "construction": 2, "fire_class": 6, "usage": 6, "rang_model_hearth": 19, "product_type": 2}}, {"model": "shop.product", "pk": 27, "fields": {"name": "ОУ-40 BCE", "product_code": 150026, "price": "20007", "image": "product_img/ou_40.jpeg", "description": "Огнетушитель ОУ-40 — передвижной углекислотный огнетушитель с массой заряда огнетушащего вещества (ОТВ) 40 кг.\r\nБаллон огнетушителя наполнен двуокисью углерода и находится под давлением.\r\n\r\nУглекислотный огнетушитель ОУ-40 предназначен для защиты промышленных и гражданских объектов в качестве первичного средства тушения возгораний.\r\n\r\nМатериал корпуса: металл,  Длина выброса ОТВ: 4 м, Время выхода ОТВ: 20 сек, Мах масса заряженного огнетушителя: 150 кг, Масса заряда: 40 кг, Температура эксплуатации: от -40°С до 50°С, Габаритные размеры: 700х400х1550 мм\r\n\r\nОгнетушитель порошковый ОУ-40 предназначен для защиты промышленных и гражданских объектов в качестве первичного средства тушения возгораний.\r\n\r\nУглекислотный огнетушитель ОУ-40 ВСЕ применяется для тушения в соответствии с классами пожара:\r\n•\tВ — пожары горючих жидкостей или плавящихся твердых веществ и материалов;\r\n•\tС — пожары газов;\r\n•\tЕ — пожары горючих веществ и материалов электроустановок, находящихся под напряжением.\r\n\r\nУглекислотные огнетушители ОУ-40 НЕ ПРЕДНАЗНАЧЕНЫ для тушения возгораний, соответствующих классу пожара А — пожары твердых горючих веществ и материалов.\r\n\r\nСрок службы - 10 лет.\r\nОгнетушитель необходимо перезаряжать после использования, либо по истечении срока 5 лет.\r\nГарантийный срок 1 год.", "created_at": "2024-07-22T18:22:56.836Z", "updated_at": "2024-09-07T13:33:05.123Z", "available": true, "slug": "ou-40-bce", "category": 1, "construction": 2, "fire_class": 6, "usage": 6, "rang_model_hearth": 19, "product_type": 2}}, {"model": "shop.product", "pk": 28, "fields": {"name": "ОУ-50 BCE", "product_code": 150027, "price": "26162", "image": "product_img/ou_50.jpeg", "description": "Огнетушитель ОУ-50 — передвижной углекислотный огнетушитель с массой заряда огнетушащего вещества (ОТВ) 50 кг.\r\nБаллон огнетушителя наполнен двуокисью углерода и находится под давлением.\r\n\r\nУглекислотный огнетушитель ОУ-50 предназначен для защиты промышленных и гражданских объектов в качестве первичного средства тушения возгораний.\r\n\r\nМатериал корпуса: металл,  Длина выброса ОТВ: 4 м, Время выхода ОТВ: 20 сек, Мах масса заряженного огнетушителя: 220 кг, Масса заряда: 50 кг, Температура эксплуатации: от -40°С до 50°С, Габаритные размеры: 3 х Ø159х1400 мм\r\n\r\nОгнетушитель порошковый ОУ-50 предназначен для защиты промышленных и гражданских объектов в качестве первичного средства тушения возгораний.\r\n\r\nУглекислотный огнетушитель ОУ-50 ВСЕ применяется для тушения в соответствии с классами пожара:\r\n•\tВ — пожары горючих жидкостей или плавящихся твердых веществ и материалов;\r\n•\tС — пожары газов;\r\n•\tЕ — пожары горючих веществ и материалов электроустановок, находящихся под напряжением.\r\n\r\nУглекислотные огнетушители ОУ-50 НЕ ПРЕДНАЗНАЧЕНЫ для тушения возгораний, соответствующих классу пожара А — пожары твердых горючих веществ и материалов.\r\n\r\nСрок службы - 10 лет.\r\nОгнетушитель необходимо перезаряжать после использования, либо по истечении срока 5 лет.\r\nГарантийный срок 1 год.", "created_at": "2024-07-22T18:24:54.674Z", "updated_at": "2024-09-07T13:33:28.864Z", "available": true, "slug": "ou-50-bce", "category": 1, "construction": 2, "fire_class": 6, "usage": 6, "rang_model_hearth": 19, "product_type": 2}}, {"model": "shop.product", "pk": 29, "fields": {"name": "ОУ-55 BCE", "product_code": 150028, "price": "25534", "image": "product_img/ou_55.jpg", "description": "Огнетушитель ОУ-55 — передвижной углекислотный огнетушитель с массой заряда огнетушащего вещества (ОТВ) 55 кг.\r\nБаллон огнетушителя наполнен двуокисью углерода и находится под давлением.\r\n\r\nУглекислотный огнетушитель ОУ-55 предназначен для защиты промышленных и гражданских объектов в качестве первичного средства тушения возгораний.\r\n\r\nМатериал корпуса: металл,  Длина выброса ОТВ: 4 м, Время выхода ОТВ: 20 сек, Мах масса заряженного огнетушителя: 230 кг, Масса заряда: 55 кг, Температура эксплуатации: от -40°С до 50°С, Габаритные размеры: 3 х Ø159х1400 мм\r\nОгнетушитель порошковый ОУ-55 предназначен для защиты промышленных и гражданских объектов в качестве первичного средства тушения возгораний.\r\n\r\nУглекислотный огнетушитель ОУ-55 ВСЕ применяется для тушения в соответствии с классами пожара:\r\n•\tВ — пожары горючих жидкостей или плавящихся твердых веществ и материалов;\r\n•\tС — пожары газов;\r\n•\tЕ — пожары горючих веществ и материалов электроустановок, находящихся под напряжением.\r\n\r\nУглекислотные огнетушители ОУ-55 НЕ ПРЕДНАЗНАЧЕНЫ для тушения возгораний, соответствующих классу пожара А — пожары твердых горючих веществ и материалов.\r\n\r\nСрок службы - 10 лет.\r\nОгнетушитель необходимо перезаряжать после использования, либо по истечении срока 5 лет.\r\nГарантийный срок 1 год.", "created_at": "2024-07-22T18:27:57.288Z", "updated_at": "2024-09-07T13:33:43.363Z", "available": true, "slug": "ou-55-bce", "category": 1, "construction": 2, "fire_class": 6, "usage": 6, "rang_model_hearth": 20, "product_type": 2}}, {"model": "shop.product", "pk": 30, "fields": {"name": "П-15 “Урна”", "product_code": 150029, "price": "254", "image": "product_img/p_15.jpg", "description": "Подставка под огнетушитель П-15 “Урна” – предназначена для напольного хранения переносных огнетушителей диаметром до 160 мм. Подходит для размещения огнетушителей:\r\n•\tпорошковых ОП-4, ОП-5, ОП-6\r\n•\tуглекислотных ОУ-3, ОУ-4, ОУ-5\r\n•\tвоздушно-пенного ОВП-4\r\n•\tвоздушно-эмульсионных ОВЭ-4, ОВЭ-5\r\nМатериал корпуса: металл, Габаритные размеры: 380x200x200\r\nПодставка под огнетушитель “Урна” П-15 изготовлена из стального листа гнуто-сварным способом. Имеет влаго-морозостойкое порошковое покрытие. Цвет - красный. Преимущества – надежная фиксация огнетушителя, легкий вес, низкая цена.", "created_at": "2024-07-31T17:56:48.745Z", "updated_at": "2024-12-24T20:47:58.021Z", "available": true, "slug": "p-15-urna", "category": 2, "construction": 5, "fire_class": 8, "usage": 26, "rang_model_hearth": 22, "product_type": 4}}, {"model": "shop.product", "pk": 31, "fields": {"name": "П-20 “Урна - max", "product_code": 150030, "price": "280", "image": "product_img/p_20.jpg", "description": "Подставка под огнетушитель П-20 “Урна - max” – предназначена для напольного хранения переносных огнетушителей диаметром до 190 мм. \r\n\r\nПодходит для размещения огнетушителей:\r\nпорошковых ОП-8, ОП-10 \r\nвоздушно-пенных ОВП-8, ОВП-10\r\nвоздушно-эмульсионного ОВЭ-6\r\n\r\nПодставка под огнетушитель “Урна” П-20 изготовлена из стального листа гнуто-сварным способом. Имеет влаго-морозостойкое порошковое покрытие. Цвет - красный. Преимущества – надежная фиксация огнетушителя, легкий вес, низкая цена.", "created_at": "2024-09-04T15:46:02.683Z", "updated_at": "2024-12-24T20:48:05.902Z", "available": true, "slug": "p-20-urna-max", "category": 2, "construction": 5, "fire_class": 8, "usage": 26, "rang_model_hearth": 22, "product_type": 4}}, {"model": "shop.product", "pk": 32, "fields": {"name": "Балтика-01", "product_code": 150031, "price": "72", "image": "product_img/baltica-01.jpg", "description": "Кронштейн для огнетушителя настенный (универсальный) – предназначен для крепления переносных огнетушителей подвесным способом. Крепеж подходит для огнетушителей производства \"Ярпожинвест\", \"Огнеборец\", \"Пожнанотех\" и \"Русинтэк\":\r\n\r\n•\tпорошковых ОП-2, ОП-3, ОП-4, ОП-5, ОП-6 \r\n•\tуглекислотных ОУ-1, ОУ-2, ОУ-3 \r\n•\tвоздушно-пенного ОВП-4\r\n•\tвоздушно-эмульсионных ОВЭ-2, ОВЭ-4, ОВЭ-5\r\n\r\nКронштейн имеет специальные выемки: круглая выемка – под шланг, прямоугольные – под рычаг запорно-пускового устройства. Имеет влаго-морозостойкое порошковое покрытие. Цвет – красный. Преимущества – небольшие габаритные размеры, легкий вес, низкая цена", "created_at": "2024-09-21T15:19:37.315Z", "updated_at": "2024-12-24T20:47:29.921Z", "available": true, "slug": "baltika-01", "category": 2, "construction": 4, "fire_class": 8, "usage": 27, "rang_model_hearth": 22, "product_type": 5}}, {"model": "shop.product", "pk": 33, "fields": {"name": "H3", "product_code": 150032, "price": "36", "image": "product_img/H3.jpg", "description": "Кронштейн НЗ настенный универсальный под ручку огнетушителя предназначен для крепления на стене огнетушителя весом до 10 кг.\r\n\r\nОгнетушитель навешивается на кронштейн запорно-пусковым устройством.\r\n\r\nКронштейн подходит для крепления на различных поверхностях.", "created_at": "2024-09-21T15:21:08.726Z", "updated_at": "2024-12-24T20:47:22.461Z", "available": true, "slug": "kronshtejn-h3", "category": 2, "construction": 4, "fire_class": 8, "usage": 15, "rang_model_hearth": 22, "product_type": 5}}, {"model": "shop.review", "pk": 1, "fields": {"product": 2, "user": 41, "text": "Супер!", "rating": 5, "created": "2025-04-05T13:24:21.086Z"}}, {"model": "shop.review", "pk": 2, "fields": {"product": 32, "user": 41, "text": "Ну такое", "rating": 2, "created": "2025-04-05T13:35:48.014Z"}}, {"model": "shop.review", "pk": 4, "fields": {"product": 33, "user": 41, "text": "Слабоват!", "rating": 2, "created": "2025-04-05T13:42:11.494Z"}}, {"model": "shop.review", "pk": 5, "fields": {"product": 10, "user": 41, "text": "Не плох, тяжеловат не много.", "rating": 4, "created": "2025-04-05T13:42:57.793Z"}}, {"model": "shop.review", "pk": 6, "fields": {"product": 13, "user": 41, "text": "Отличный товар.", "rating": 5, "created": "2025-04-05T13:43:29.722Z"}}, {"model": "shop.review", "pk": 13, "fields": {"product": 8, "user": 41, "text": "Отличный огнетушитель!", "rating": 5, "created": "2025-04-05T14:47:12.392Z"}}, {"model": "shop.review", "pk": 15, "fields": {"product": 29, "user": 41, "text": "Огонь! Отличный огнетушитель!", "rating": 5, "created": "2025-04-05T17:21:39.584Z"}}, {"model": "shop.review", "pk": 16, "fields": {"product": 29, "user": 40, "text": "Ну такое", "rating": 1, "created": "2025-04-05T17:28:24.730Z"}}, {"model": "shop.review", "pk": 17, "fields": {"product": 12, "user": 40, "text": "Очень тяжелый!", "rating": 1, "created": "2025-04-05T18:33:08.503Z"}}, {"model": "shop.review", "pk": 18, "fields": {"product": 12, "user": 41, "text": "Good! Good!", "rating": 4, "created": "2025-04-05T20:23:14.037Z"}}, {"model": "shop.review", "pk": 19, "fields": {"product": 32, "user": 40, "text": "Да покатит. Норм.!", "rating": 5, "created": "2025-04-06T09:16:15.300Z"}}, {"model": "shop.review", "pk": 20, "fields": {"product": 32, "user": 42, "text": "Мне очень понравился. Надежный!", "rating": 5, "created": "2025-04-07T15:49:16.175Z"}}, {"model": "shop.review", "pk": 21, "fields": {"product": 32, "user": 43, "text": "Сломался.", "rating": 3, "created": "2025-04-07T16:01:57.159Z"}}, {"model": "shop.review", "pk": 22, "fields": {"product": 9, "user": 41, "text": "Отличный, компактный!", "rating": 5, "created": "2025-04-07T18:01:36.392Z"}}, {"model": "shop.review", "pk": 23, "fields": {"product": 11, "user": 41, "text": "Супер!!!", "rating": 5, "created": "2025-04-07T18:30:51.916Z"}}, {"model": "shop.review", "pk": 24, "fields": {"product": 15, "user": 41, "text": "Такой крутой огнетушитель, я просто не могу!", "rating": 5, "created": "2025-04-08T16:54:30.632Z"}}, {"model": "shop.review", "pk": 25, "fields": {"product": 25, "user": 41, "text": "Отлично, надо брать!!!", "rating": 4, "created": "2025-04-08T18:25:18.404Z"}}, {"model": "shop.review", "pk": 26, "fields": {"product": 14, "user": 41, "text": "Нормально", "rating": 3, "created": "2025-04-14T16:36:16.033Z"}}, {"model": "orders.order", "pk": 1, "fields": {"first_name": "Ольга", "last_name": "Иванова", "email": "asdqwe@dfg.ru", "phone_number": "5674523", "shipping_address": 10, "created_at": "2025-01-04T13:56:24.961Z", "updated_at": "2025-01-04T13:56:24.961Z", "paid": false, "user": 40, "status": "active", "coupon": null, "discount": 10}}, {"model": "orders.order", "pk": 2, "fields": {"first_name": "Ольга", "last_name": "Иванова", "email": "asdqwe@dfg.ru", "phone_number": "5674523", "shipping_address": 10, "created_at": "2025-01-04T13:57:24.360Z", "updated_at": "2025-01-04T13:57:24.360Z", "paid": false, "user": 40, "status": "active", "coupon": null, "discount": 10}}, {"model": "orders.order", "pk": 3, "fields": {"first_name": "Ольга", "last_name": "Иванова", "email": "asdqwe@dfg.ru", "phone_number": "5674523", "shipping_address": 10, "created_at": "2025-01-09T18:21:45.205Z", "updated_at": "2025-01-09T18:21:45.205Z", "paid": false, "user": 40, "status": "active", "coupon": null, "discount": 10}}, {"model": "orders.order", "pk": 4, "fields": {"first_name": "Ольга", "last_name": "Иванова", "email": "asdqwe@dfg.ru", "phone_number": "5674523", "shipping_address": 10, "created_at": "2025-01-09T18:24:40.791Z", "updated_at": "2025-01-09T18:24:40.791Z", "paid": false, "user": 40, "status": "active", "coupon": null, "discount": 10}}, {"model": "orders.order", "pk": 5, "fields": {"first_name": "Ольга", "last_name": "Иванова", "email": "asdqwe@dfg.ru", "phone_number": "5674523", "shipping_address": 10, "created_at": "2025-01-09T19:08:03.778Z", "updated_at": "2025-01-09T19:08:03.778Z", "paid": false, "user": 40, "status": "active", "coupon": null, "discount": 10}}, {"model": "orders.order", "pk": 6, "fields": {"first_name": "Ольга", "last_name": "Иванова", "email": "asdqwe@dfg.ru", "phone_number": "5674523", "shipping_address": 10, "created_at": "2025-01-09T19:22:19.466Z", "updated_at": "2025-01-09T19:22:19.466Z", "paid": false, "user": 40, "status": "active", "coupon": null, "discount": 10}}, {"model": "orders.order", "pk": 7, "fields": {"first_name": "Ольга", "last_name": "Иванова", "email": "asdqwe@dfg.ru", "phone_number": "5674523", "shipping_address": 10, "created_at": "2025-01-12T16:30:20.750Z", "updated_at": "2025-01-12T16:30:20.750Z", "paid": false, "user": 40, "status": "active", "coupon": null, "discount": 10}}, {"model": "orders.order", "pk": 8, "fields": {"first_name": "Ольга", "last_name": "Иванова", "email": "asdqwe@dfg.ru", "phone_number": "5674523", "shipping_address": 11, "created_at": "2025-01-12T16:33:11.286Z", "updated_at": "2025-01-12T16:33:11.286Z", "paid": false, "user": 40, "status": "active", "coupon": null, "discount": 99}}, {"model": "orders.order", "pk": 9, "fields": {"first_name": "Ольга", "last_name": "Иванова", "email": "asdqwe@dfg.ru", "phone_number": "5674523", "shipping_address": 11, "created_at": "2025-01-12T16:33:35.616Z", "updated_at": "2025-01-12T16:33:35.616Z", "paid": false, "user": 40, "status": "active", "coupon": null, "discount": 99}}, {"model": "orders.order", "pk": 10, "fields": {"first_name": "Саня", "last_name": "Kartofelniy", "email": "alekseykhitrov@gmail.com", "phone_number": "89213074387", "shipping_address": 10, "created_at": "2025-02-03T18:04:20.534Z", "updated_at": "2025-04-23T11:53:51.721Z", "paid": false, "user": 41, "status": "canceled", "coupon": null, "discount": 15}}, {"model": "orders.order", "pk": 11, "fields": {"first_name": "Саня", "last_name": "Kartofelniy", "email": "alekseykhitrov@gmail.com", "phone_number": "89213074387", "shipping_address": 10, "created_at": "2025-02-03T18:09:51.595Z", "updated_at": "2025-02-03T18:09:51.595Z", "paid": false, "user": 41, "status": "active", "coupon": null, "discount": 15}}, {"model": "orders.order", "pk": 12, "fields": {"first_name": "Саня", "last_name": "Kartofelniy", "email": "alekseykhitrov@gmail.com", "phone_number": "89213074387", "shipping_address": 11, "created_at": "2025-02-04T17:54:13.536Z", "updated_at": "2025-02-04T17:54:13.536Z", "paid": false, "user": 41, "status": "active", "coupon": null, "discount": 15}}, {"model": "orders.order", "pk": 13, "fields": {"first_name": "Саня", "last_name": "Kartofelniy", "email": "alekseykhitrov@gmail.com", "phone_number": "89213074387", "shipping_address": 10, "created_at": "2025-02-04T18:02:18.530Z", "updated_at": "2025-02-04T18:02:18.530Z", "paid": false, "user": 41, "status": "active", "coupon": null, "discount": 15}}, {"model": "orders.order", "pk": 14, "fields": {"first_name": "Саня", "last_name": "Kartofelniy", "email": "alekseykhitrov@gmail.com", "phone_number": "89213074387", "shipping_address": 11, "created_at": "2025-02-04T18:02:44.734Z", "updated_at": "2025-02-04T18:02:44.734Z", "paid": false, "user": 41, "status": "active", "coupon": null, "discount": 15}}, {"model": "orders.order", "pk": 15, "fields": {"first_name": "Саня", "last_name": "Kartofelniy", "email": "alekseykhitrov@gmail.com", "phone_number": "89213074387", "shipping_address": 11, "created_at": "2025-02-04T18:03:20.643Z", "updated_at": "2025-02-04T18:03:20.643Z", "paid": false, "user": 41, "status": "active", "coupon": null, "discount": 15}}, {"model": "orders.order", "pk": 16, "fields": {"first_name": "Саня", "last_name": "Kartofelniy", "email": "alekseykhitrov@gmail.com", "phone_number": "89213074387", "shipping_address": 11, "created_at": "2025-02-04T18:08:13.114Z", "updated_at": "2025-02-04T18:08:13.114Z", "paid": false, "user": 41, "status": "active", "coupon": null, "discount": 15}}, {"model": "orders.order", "pk": 17, "fields": {"first_name": "Саня", "last_name": "Kartofelniy", "email": "alekseykhitrov@gmail.com", "phone_number": "89213074387", "shipping_address": 10, "created_at": "2025-02-04T18:09:30.954Z", "updated_at": "2025-02-04T18:09:30.954Z", "paid": false, "user": 41, "status": "active", "coupon": null, "discount": 15}}, {"model": "orders.order", "pk": 18, "fields": {"first_name": "Саня", "last_name": "Kartofelniy", "email": "alekseykhitrov@gmail.com", "phone_number": "89213074387", "shipping_address": 10, "created_at": "2025-02-04T18:21:50.981Z", "updated_at": "2025-02-04T18:21:50.981Z", "paid": false, "user": 41, "status": "active", "coupon": null, "discount": 99}}, {"model": "orders.order", "pk": 19, "fields": {"first_name": "Саня", "last_name": "Kartofelniy", "email": "alekseykhitrov@gmail.com", "phone_number": "89213074387", "shipping_address": 10, "created_at": "2025-02-04T18:32:13.623Z", "updated_at": "2025-02-04T18:32:13.623Z", "paid": false, "user": 41, "status": "active", "coupon": null, "discount": 0}}, {"model": "orders.order", "pk": 20, "fields": {"first_name": "Саня", "last_name": "Kartofelniy", "email": "alekseykhitrov@gmail.com", "phone_number": "89213074387", "shipping_address": 10, "created_at": "2025-02-04T18:34:37.510Z", "updated_at": "2025-02-04T18:34:37.510Z", "paid": false, "user": 41, "status": "active", "coupon": null, "discount": 99}}, {"model": "orders.order", "pk": 21, "fields": {"first_name": "Саня", "last_name": "Kartofelniy", "email": "alekseykhitrov@gmail.com", "phone_number": "89213074387", "shipping_address": 10, "created_at": "2025-02-04T18:38:13.831Z", "updated_at": "2025-02-04T18:38:13.831Z", "paid": false, "user": 41, "status": "active", "coupon": null, "discount": 99}}, {"model": "orders.order", "pk": 22, "fields": {"first_name": "Ольга", "last_name": "Иванова", "email": "asdqwe@dfg.ru", "phone_number": "5674523", "shipping_address": 10, "created_at": "2025-02-06T19:35:36.460Z", "updated_at": "2025-02-06T19:35:36.460Z", "paid": false, "user": 40, "status": "active", "coupon": 8, "discount": 20}}, {"model": "orders.order", "pk": 23, "fields": {"first_name": "Ольга", "last_name": "Иванова", "email": "asdqwe@dfg.ru", "phone_number": "5674523", "shipping_address": 10, "created_at": "2025-02-10T15:59:00.467Z", "updated_at": "2025-02-10T15:59:00.467Z", "paid": false, "user": 40, "status": "active", "coupon": 8, "discount": 20}}, {"model": "orders.order", "pk": 24, "fields": {"first_name": "Саня", "last_name": "Kartofelniy", "email": "alekseykhitrov@gmail.com", "phone_number": "89213074387", "shipping_address": 11, "created_at": "2025-02-10T16:07:44.429Z", "updated_at": "2025-02-10T16:07:44.429Z", "paid": false, "user": 41, "status": "active", "coupon": 8, "discount": 20}}, {"model": "orders.order", "pk": 25, "fields": {"first_name": "Саня", "last_name": "Kartofelniy", "email": "alekseykhitrov@gmail.com", "phone_number": "89213074387", "shipping_address": 10, "created_at": "2025-02-10T18:04:22.921Z", "updated_at": "2025-02-10T18:04:22.921Z", "paid": false, "user": 41, "status": "active", "coupon": null, "discount": 0}}, {"model": "orders.order", "pk": 26, "fields": {"first_name": "Саня", "last_name": "Kartofelniy", "email": "alekseykhitrov@gmail.com", "phone_number": "89213074387", "shipping_address": 10, "created_at": "2025-02-10T18:04:55.833Z", "updated_at": "2025-02-10T18:04:55.833Z", "paid": false, "user": 41, "status": "active", "coupon": 8, "discount": 20}}, {"model": "orders.order", "pk": 27, "fields": {"first_name": "Саня", "last_name": "Kartofelniy", "email": "alekseykhitrov@gmail.com", "phone_number": "89213074387", "shipping_address": 10, "created_at": "2025-02-11T18:52:19.056Z", "updated_at": "2025-02-11T18:52:19.056Z", "paid": false, "user": 41, "status": "active", "coupon": 8, "discount": 20}}, {"model": "orders.order", "pk": 28, "fields": {"first_name": "Саня", "last_name": "Kartofelniy", "email": "alekseykhitrov@gmail.com", "phone_number": "89213074387", "shipping_address": 10, "created_at": "2025-02-11T18:53:59.731Z", "updated_at": "2025-02-11T18:53:59.731Z", "paid": false, "user": 41, "status": "active", "coupon": 8, "discount": 20}}, {"model": "orders.order", "pk": 29, "fields": {"first_name": "Саня", "last_name": "Kartofelniy", "email": "alekseykhitrov@gmail.com", "phone_number": "89213074387", "shipping_address": 10, "created_at": "2025-02-11T18:57:32.438Z", "updated_at": "2025-02-11T18:57:32.438Z", "paid": false, "user": 41, "status": "active", "coupon": 8, "discount": 20}}, {"model": "orders.order", "pk": 30, "fields": {"first_name": "Саня", "last_name": "Kartofelniy", "email": "alekseykhitrov@gmail.com", "phone_number": "89213074387", "shipping_address": 10, "created_at": "2025-02-12T16:16:20.767Z", "updated_at": "2025-02-12T16:16:20.767Z", "paid": false, "user": 41, "status": "active", "coupon": 8, "discount": 20}}, {"model": "orders.order", "pk": 31, "fields": {"first_name": "Саня", "last_name": "Kartofelniy", "email": "alekseykhitrov@gmail.com", "phone_number": "89213074387", "shipping_address": 10, "created_at": "2025-02-12T16:18:31.678Z", "updated_at": "2025-02-12T16:18:31.678Z", "paid": false, "user": 41, "status": "active", "coupon": 8, "discount": 20}}, {"model": "orders.order", "pk": 32, "fields": {"first_name": "Саня", "last_name": "Kartofelniy", "email": "alekseykhitrov@gmail.com", "phone_number": "89213074387", "shipping_address": 10, "created_at": "2025-02-12T17:38:19.208Z", "updated_at": "2025-02-12T17:38:19.208Z", "paid": false, "user": 41, "status": "active", "coupon": 8, "discount": 20}}, {"model": "orders.order", "pk": 33, "fields": {"first_name": "Саня", "last_name": "Kartofelniy", "email": "alekseykhitrov@gmail.com", "phone_number": "89213074387", "shipping_address": 11, "created_at": "2025-02-16T13:12:56.786Z", "updated_at": "2025-02-16T13:12:56.786Z", "paid": false, "user": 41, "status": "active", "coupon": 8, "discount": 20}}, {"model": "orders.order", "pk": 34, "fields": {"first_name": "Саня", "last_name": "Kartofelniy", "email": "alekseykhitrov@gmail.com", "phone_number": "89213074387", "shipping_address": 10, "created_at": "2025-02-24T19:31:38.269Z", "updated_at": "2025-02-24T19:31:38.269Z", "paid": false, "user": 41, "status": "active", "coupon": null, "discount": 0}}, {"model": "orders.order", "pk": 35, "fields": {"first_name": "Саня", "last_name": "Kartofelniy", "email": "alekseykhitrov@gmail.com", "phone_number": "89213074387", "shipping_address": 10, "created_at": "2025-02-24T19:44:03.425Z", "updated_at": "2025-02-24T19:44:03.425Z", "paid": false, "user": 41, "status": "active", "coupon": null, "discount": 0}}, {"model": "orders.order", "pk": 36, "fields": {"first_name": "Саня", "last_name": "Kartofelniy", "email": "alekseykhitrov@gmail.com", "phone_number": "89213074387", "shipping_address": 11, "created_at": "2025-02-24T19:44:34.374Z", "updated_at": "2025-02-24T19:44:34.374Z", "paid": false, "user": 41, "status": "active", "coupon": 8, "discount": 20}}, {"model": "orders.order", "pk": 37, "fields": {"first_name": "Саня", "last_name": "Kartofelniy", "email": "alekseykhitrov@gmail.com", "phone_number": "89213074387", "shipping_address": 10, "created_at": "2025-02-24T19:44:49.739Z", "updated_at": "2025-02-24T19:44:49.739Z", "paid": false, "user": 41, "status": "active", "coupon": null, "discount": 0}}, {"model": "orders.order", "pk": 38, "fields": {"first_name": "Саня", "last_name": "Kartofelniy", "email": "alekseykhitrov@gmail.com", "phone_number": "89213074387", "shipping_address": 11, "created_at": "2025-02-24T19:45:05.934Z", "updated_at": "2025-02-24T19:45:05.934Z", "paid": false, "user": 41, "status": "active", "coupon": null, "discount": 0}}, {"model": "orders.order", "pk": 39, "fields": {"first_name": "Саня", "last_name": "Kartofelniy", "email": "alekseykhitrov@gmail.com", "phone_number": "89213074387", "shipping_address": 11, "created_at": "2025-02-24T19:45:34.842Z", "updated_at": "2025-02-24T19:45:34.842Z", "paid": false, "user": 41, "status": "active", "coupon": null, "discount": 0}}, {"model": "orders.order", "pk": 40, "fields": {"first_name": "Саня", "last_name": "Kartofelniy", "email": "alekseykhitrov@gmail.com", "phone_number": "89213074387", "shipping_address": 11, "created_at": "2025-02-24T19:55:49.371Z", "updated_at": "2025-02-24T19:55:49.371Z", "paid": false, "user": 41, "status": "active", "coupon": null, "discount": 0}}, {"model": "orders.order", "pk": 41, "fields": {"first_name": "Саня", "last_name": "Kartofelniy", "email": "alekseykhitrov@gmail.com", "phone_number": "89213074387", "shipping_address": 11, "created_at": "2025-02-24T19:56:20.510Z", "updated_at": "2025-02-24T19:56:20.510Z", "paid": false, "user": 41, "status": "active", "coupon": null, "discount": 0}}, {"model": "orders.order", "pk": 42, "fields": {"first_name": "Саня", "last_name": "Kartofelniy", "email": "alekseykhitrov@gmail.com", "phone_number": "89213074387", "shipping_address": 11, "created_at": "2025-02-24T19:56:39.948Z", "updated_at": "2025-02-24T19:56:39.948Z", "paid": false, "user": 41, "status": "active", "coupon": null, "discount": 0}}, {"model": "orders.order", "pk": 43, "fields": {"first_name": "Саня", "last_name": "Kartofelniy", "email": "alekseykhitrov@gmail.com", "phone_number": "89213074387", "shipping_address": 10, "created_at": "2025-02-24T19:57:10.139Z", "updated_at": "2025-02-24T19:57:10.139Z", "paid": false, "user": 41, "status": "active", "coupon": null, "discount": 0}}, {"model": "orders.order", "pk": 44, "fields": {"first_name": "Саня", "last_name": "Kartofelniy", "email": "alekseykhitrov@gmail.com", "phone_number": "89213074387", "shipping_address": 10, "created_at": "2025-02-24T19:57:23.028Z", "updated_at": "2025-02-24T19:57:23.028Z", "paid": false, "user": 41, "status": "active", "coupon": null, "discount": 0}}, {"model": "orders.order", "pk": 45, "fields": {"first_name": "Саня", "last_name": "Kartofelniy", "email": "alekseykhitrov@gmail.com", "phone_number": "89213074387", "shipping_address": 10, "created_at": "2025-02-24T19:57:28.637Z", "updated_at": "2025-02-24T19:57:28.637Z", "paid": false, "user": 41, "status": "active", "coupon": null, "discount": 0}}, {"model": "orders.order", "pk": 46, "fields": {"first_name": "Саня", "last_name": "Kartofelniy", "email": "alekseykhitrov@gmail.com", "phone_number": "89213074387", "shipping_address": 10, "created_at": "2025-03-08T15:46:20.254Z", "updated_at": "2025-03-08T15:46:20.254Z", "paid": false, "user": 41, "status": "active", "coupon": 8, "discount": 20}}, {"model": "orders.order", "pk": 47, "fields": {"first_name": "Саня", "last_name": "Kartofelniy", "email": "alekseykhitrov@gmail.com", "phone_number": "89213074387", "shipping_address": 10, "created_at": "2025-03-09T10:54:38.156Z", "updated_at": "2025-03-09T10:54:38.156Z", "paid": false, "user": 41, "status": "active", "coupon": null, "discount": 0}}, {"model": "orders.order", "pk": 48, "fields": {"first_name": "Саня", "last_name": "Kartofelniy", "email": "alekseykhitrov@gmail.com", "phone_number": "89213074387", "shipping_address": 11, "created_at": "2025-03-09T11:20:17.622Z", "updated_at": "2025-03-09T11:20:17.622Z", "paid": false, "user": 41, "status": "active", "coupon": 8, "discount": 20}}, {"model": "orders.order", "pk": 49, "fields": {"first_name": "Саня", "last_name": "Kartofelniy", "email": "alekseykhitrov@gmail.com", "phone_number": "89213074387", "shipping_address": 11, "created_at": "2025-03-09T11:20:40.638Z", "updated_at": "2025-03-09T11:20:40.638Z", "paid": false, "user": 41, "status": "active", "coupon": 8, "discount": 20}}, {"model": "orders.order", "pk": 50, "fields": {"first_name": "Саня", "last_name": "Kartofelniy", "email": "alekseykhitrov@gmail.com", "phone_number": "89213074387", "shipping_address": 11, "created_at": "2025-03-09T11:20:58.073Z", "updated_at": "2025-03-09T11:20:58.073Z", "paid": false, "user": 41, "status": "active", "coupon": 8, "discount": 20}}, {"model": "orders.order", "pk": 51, "fields": {"first_name": "Саня", "last_name": "Kartofelniy", "email": "alekseykhitrov@gmail.com", "phone_number": "89213074387", "shipping_address": 10, "created_at": "2025-03-09T11:22:49.405Z", "updated_at": "2025-03-09T11:22:49.405Z", "paid": false, "user": 41, "status": "active", "coupon": 8, "discount": 20}}, {"model": "orders.order", "pk": 52, "fields": {"first_name": "Тоня", "last_name": "Иванова", "email": "olive.aleks@yandex.ru", "phone_number": "567-45-23", "shipping_address": 12, "created_at": "2025-04-07T17:23:51.388Z", "updated_at": "2025-04-07T17:23:51.388Z", "paid": false, "user": 43, "status": "active", "coupon": null, "discount": 0}}, {"model": "orders.order", "pk": 53, "fields": {"first_name": "Саня", "last_name": "Kartofelniy", "email": "alekseykhitrov@gmail.com", "phone_number": "89213074387", "shipping_address": 10, "created_at": "2025-04-07T17:57:56.641Z", "updated_at": "2025-04-07T17:57:56.641Z", "paid": false, "user": 41, "status": "active", "coupon": null, "discount": 0}}, {"model": "orders.order", "pk": 54, "fields": {"first_name": "Саня", "last_name": "Kartofelniy", "email": "alekseykhitrov@gmail.com", "phone_number": "89213074387", "shipping_address": 12, "created_at": "2025-04-07T18:02:40.693Z", "updated_at": "2025-04-07T18:02:40.693Z", "paid": false, "user": 41, "status": "active", "coupon": 8, "discount": 20}}, {"model": "orders.order", "pk": 55, "fields": {"first_name": "Саня", "last_name": "Kartofelniy", "email": "alekseykhitrov@gmail.com", "phone_number": "89213074387", "shipping_address": 11, "created_at": "2025-04-07T18:31:22.612Z", "updated_at": "2025-04-07T18:31:22.612Z", "paid": false, "user": 41, "status": "active", "coupon": 8, "discount": 20}}, {"model": "orders.order", "pk": 56, "fields": {"first_name": "Саня", "last_name": "Kartofelniy", "email": "alekseykhitrov@gmail.com", "phone_number": "89213074387", "shipping_address": 10, "created_at": "2025-04-08T16:13:49.533Z", "updated_at": "2025-04-08T16:13:49.533Z", "paid": false, "user": 41, "status": "active", "coupon": null, "discount": 0}}, {"model": "orders.order", "pk": 57, "fields": {"first_name": "Саня", "last_name": "Kartofelniy", "email": "alekseykhitrov@gmail.com", "phone_number": "89213074387", "shipping_address": 11, "created_at": "2025-04-08T16:16:12.831Z", "updated_at": "2025-04-08T16:16:12.831Z", "paid": false, "user": 41, "status": "active", "coupon": null, "discount": 0}}, {"model": "orders.order", "pk": 58, "fields": {"first_name": "Саня", "last_name": "Kartofelniy", "email": "alekseykhitrov@gmail.com", "phone_number": "89213074387", "shipping_address": 10, "created_at": "2025-04-08T16:21:22.995Z", "updated_at": "2025-04-08T16:21:22.995Z", "paid": false, "user": 41, "status": "active", "coupon": null, "discount": 0}}, {"model": "orders.order", "pk": 59, "fields": {"first_name": "Саня", "last_name": "Kartofelniy", "email": "alekseykhitrov@gmail.com", "phone_number": "89213074387", "shipping_address": 12, "created_at": "2025-04-08T16:23:51.442Z", "updated_at": "2025-04-23T11:43:20.969Z", "paid": false, "user": 41, "status": "canceled", "coupon": null, "discount": 0}}, {"model": "orders.order", "pk": 60, "fields": {"first_name": "Саня", "last_name": "Kartofelniy", "email": "alekseykhitrov@gmail.com", "phone_number": "89213074387", "shipping_address": 11, "created_at": "2025-04-08T16:28:32.804Z", "updated_at": "2025-04-08T16:28:32.804Z", "paid": false, "user": 41, "status": "active", "coupon": null, "discount": 0}}, {"model": "orders.order", "pk": 61, "fields": {"first_name": "Саня", "last_name": "Kartofelniy", "email": "alekseykhitrov@gmail.com", "phone_number": "89213074387", "shipping_address": 11, "created_at": "2025-04-08T16:32:34.654Z", "updated_at": "2025-04-08T16:32:34.654Z", "paid": false, "user": 41, "status": "active", "coupon": null, "discount": 0}}, {"model": "orders.order", "pk": 62, "fields": {"first_name": "Саня", "last_name": "Kartofelniy", "email": "alekseykhitrov@gmail.com", "phone_number": "89213074387", "shipping_address": 10, "created_at": "2025-04-08T16:32:48.873Z", "updated_at": "2025-04-08T16:32:48.873Z", "paid": false, "user": 41, "status": "active", "coupon": null, "discount": 0}}, {"model": "orders.order", "pk": 63, "fields": {"first_name": "Саня", "last_name": "Kartofelniy", "email": "alekseykhitrov@gmail.com", "phone_number": "89213074387", "shipping_address": 10, "created_at": "2025-04-08T16:54:58.825Z", "updated_at": "2025-04-08T16:54:58.825Z", "paid": false, "user": 41, "status": "active", "coupon": null, "discount": 0}}, {"model": "orders.order", "pk": 64, "fields": {"first_name": "Саня", "last_name": "Kartofelniy", "email": "alekseykhitrov@gmail.com", "phone_number": "89213074387", "shipping_address": 10, "created_at": "2025-04-08T17:08:03.422Z", "updated_at": "2025-04-08T17:08:03.422Z", "paid": false, "user": 41, "status": "active", "coupon": null, "discount": 0}}, {"model": "orders.order", "pk": 65, "fields": {"first_name": "Саня", "last_name": "Kartofelniy", "email": "alekseykhitrov@gmail.com", "phone_number": "89213074387", "shipping_address": 10, "created_at": "2025-04-08T17:12:22.979Z", "updated_at": "2025-04-08T17:12:22.979Z", "paid": false, "user": 41, "status": "active", "coupon": null, "discount": 0}}, {"model": "orders.order", "pk": 66, "fields": {"first_name": "Саня", "last_name": "Kartofelniy", "email": "alekseykhitrov@gmail.com", "phone_number": "89213074387", "shipping_address": 10, "created_at": "2025-04-08T17:16:04.915Z", "updated_at": "2025-04-08T17:16:04.915Z", "paid": false, "user": 41, "status": "active", "coupon": null, "discount": 0}}, {"model": "orders.order", "pk": 67, "fields": {"first_name": "Саня", "last_name": "Kartofelniy", "email": "alekseykhitrov@gmail.com", "phone_number": "89213074387", "shipping_address": 10, "created_at": "2025-04-08T17:17:26.564Z", "updated_at": "2025-04-08T17:17:26.564Z", "paid": false, "user": 41, "status": "active", "coupon": null, "discount": 0}}, {"model": "orders.order", "pk": 68, "fields": {"first_name": "Саня", "last_name": "Kartofelniy", "email": "alekseykhitrov@gmail.com", "phone_number": "89213074387", "shipping_address": 10, "created_at": "2025-04-08T17:36:08.633Z", "updated_at": "2025-04-08T17:36:08.633Z", "paid": false, "user": 41, "status": "active", "coupon": null, "discount": 0}}, {"model": "orders.order", "pk": 69, "fields": {"first_name": "Саня", "last_name": "Kartofelniy", "email": "alekseykhitrov@gmail.com", "phone_number": "89213074387", "shipping_address": 10, "created_at": "2025-04-08T17:39:22.312Z", "updated_at": "2025-04-08T17:39:22.312Z", "paid": false, "user": 41, "status": "active", "coupon": null, "discount": 0}}, {"model": "orders.order", "pk": 70, "fields": {"first_name": "Саня", "last_name": "Kartofelniy", "email": "alekseykhitrov@gmail.com", "phone_number": "89213074387", "shipping_address": 10, "created_at": "2025-04-08T17:40:41.720Z", "updated_at": "2025-04-08T17:40:41.720Z", "paid": false, "user": 41, "status": "active", "coupon": null, "discount": 0}}, {"model": "orders.order", "pk": 71, "fields": {"first_name": "Саня", "last_name": "Kartofelniy", "email": "alekseykhitrov@gmail.com", "phone_number": "89213074387", "shipping_address": 10, "created_at": "2025-04-08T17:44:22.712Z", "updated_at": "2025-04-08T17:44:22.712Z", "paid": false, "user": 41, "status": "active", "coupon": null, "discount": 0}}, {"model": "orders.order", "pk": 72, "fields": {"first_name": "Саня", "last_name": "Kartofelniy", "email": "alekseykhitrov@gmail.com", "phone_number": "89213074387", "shipping_address": 10, "created_at": "2025-04-08T17:45:03.531Z", "updated_at": "2025-04-08T17:45:03.531Z", "paid": false, "user": 41, "status": "active", "coupon": null, "discount": 0}}, {"model": "orders.order", "pk": 73, "fields": {"first_name": "Саня", "last_name": "Kartofelniy", "email": "alekseykhitrov@gmail.com", "phone_number": "89213074387", "shipping_address": 10, "created_at": "2025-04-08T17:50:02.355Z", "updated_at": "2025-04-08T17:50:02.355Z", "paid": false, "user": 41, "status": "active", "coupon": null, "discount": 0}}, {"model": "orders.order", "pk": 74, "fields": {"first_name": "Саня", "last_name": "Kartofelniy", "email": "alekseykhitrov@gmail.com", "phone_number": "89213074387", "shipping_address": 10, "created_at": "2025-04-08T18:05:40.963Z", "updated_at": "2025-04-08T18:05:40.963Z", "paid": false, "user": 41, "status": "active", "coupon": null, "discount": 0}}, {"model": "orders.order", "pk": 75, "fields": {"first_name": "Саня", "last_name": "Kartofelniy", "email": "alekseykhitrov@gmail.com", "phone_number": "89213074387", "shipping_address": 10, "created_at": "2025-04-08T18:06:12.762Z", "updated_at": "2025-04-08T18:06:12.762Z", "paid": false, "user": 41, "status": "active", "coupon": null, "discount": 0}}, {"model": "orders.order", "pk": 76, "fields": {"first_name": "Саня", "last_name": "Kartofelniy", "email": "alekseykhitrov@gmail.com", "phone_number": "89213074387", "shipping_address": 10, "created_at": "2025-04-08T18:22:42.882Z", "updated_at": "2025-04-08T18:22:42.882Z", "paid": false, "user": 41, "status": "active", "coupon": null, "discount": 0}}, {"model": "orders.order", "pk": 77, "fields": {"first_name": "Саня", "last_name": "Kartofelniy", "email": "alekseykhitrov@gmail.com", "phone_number": "89213074387", "shipping_address": 12, "created_at": "2025-04-08T18:23:52.990Z", "updated_at": "2025-04-08T18:23:52.990Z", "paid": false, "user": 41, "status": "active", "coupon": null, "discount": 0}}, {"model": "orders.order", "pk": 78, "fields": {"first_name": "Саня", "last_name": "Kartofelniy", "email": "alekseykhitrov@gmail.com", "phone_number": "89213074387", "shipping_address": 11, "created_at": "2025-04-08T18:25:29.505Z", "updated_at": "2025-04-08T18:25:29.505Z", "paid": false, "user": 41, "status": "active", "coupon": null, "discount": 0}}, {"model": "orders.order", "pk": 79, "fields": {"first_name": "Саня", "last_name": "Kartofelniy", "email": "alekseykhitrov@gmail.com", "phone_number": "89213074387", "shipping_address": 11, "created_at": "2025-04-15T15:54:10.680Z", "updated_at": "2025-04-15T15:54:10.680Z", "paid": false, "user": 41, "status": "active", "coupon": null, "discount": 0}}, {"model": "orders.order", "pk": 80, "fields": {"first_name": "Саня", "last_name": "Kartofelniy", "email": "alekseykhitrov@gmail.com", "phone_number": "89213074387", "shipping_address": 11, "created_at": "2025-04-15T16:05:28.165Z", "updated_at": "2025-04-15T16:05:28.165Z", "paid": false, "user": 41, "status": "active", "coupon": null, "discount": 0}}, {"model": "orders.order", "pk": 81, "fields": {"first_name": "Саня", "last_name": "Kartofelniy", "email": "alekseykhitrov@gmail.com", "phone_number": "89213074387", "shipping_address": 10, "created_at": "2025-04-15T16:32:11.714Z", "updated_at": "2025-04-15T16:32:11.714Z", "paid": false, "user": 41, "status": "completed", "coupon": null, "discount": 0}}, {"model": "orders.order", "pk": 82, "fields": {"first_name": "Саня", "last_name": "Kartofelniy", "email": "alekseykhitrov@gmail.com", "phone_number": "89213074387", "shipping_address": 10, "created_at": "2025-04-15T16:42:52.815Z", "updated_at": "2025-04-15T16:42:52.815Z", "paid": false, "user": 41, "status": "active", "coupon": null, "discount": 0}}, {"model": "orders.order", "pk": 83, "fields": {"first_name": "Саня", "last_name": "Kartofelniy", "email": "alekseykhitrov@gmail.com", "phone_number": "89213074387", "shipping_address": 10, "created_at": "2025-04-15T16:57:01.833Z", "updated_at": "2025-04-15T16:57:01.833Z", "paid": false, "user": 41, "status": "active", "coupon": null, "discount": 0}}, {"model": "orders.order", "pk": 84, "fields": {"first_name": "Саня", "last_name": "Kartofelniy", "email": "alekseykhitrov@gmail.com", "phone_number": "89213074387", "shipping_address": 10, "created_at": "2025-04-15T17:08:50.353Z", "updated_at": "2025-04-15T17:08:50.353Z", "paid": false, "user": 41, "status": "active", "coupon": null, "discount": 0}}, {"model": "orders.order", "pk": 85, "fields": {"first_name": "Саня", "last_name": "Kartofelniy", "email": "alekseykhitrov@gmail.com", "phone_number": "89213074387", "shipping_address": 12, "created_at": "2025-04-17T15:53:00.669Z", "updated_at": "2025-04-17T15:53:00.669Z", "paid": false, "user": 41, "status": "active", "coupon": null, "discount": 0}}, {"model": "orders.order", "pk": 86, "fields": {"first_name": "Саня", "last_name": "Kartofelniy", "email": "alekseykhitrov@gmail.com", "phone_number": "89213074387", "shipping_address": 12, "created_at": "2025-04-17T15:55:35.976Z", "updated_at": "2025-04-17T15:55:35.976Z", "paid": false, "user": 41, "status": "active", "coupon": null, "discount": 0}}, {"model": "orders.order", "pk": 87, "fields": {"first_name": "Саня", "last_name": "Kartofelniy", "email": "alekseykhitrov@gmail.com", "phone_number": "89213074387", "shipping_address": 12, "created_at": "2025-04-17T16:06:46.362Z", "updated_at": "2025-04-17T16:06:46.362Z", "paid": false, "user": 41, "status": "active", "coupon": null, "discount": 0}}, {"model": "orders.order", "pk": 88, "fields": {"first_name": "Саня", "last_name": "Kartofelniy", "email": "alekseykhitrov@gmail.com", "phone_number": "89213074387", "shipping_address": 12, "created_at": "2025-04-17T16:06:51.145Z", "updated_at": "2025-04-17T16:06:51.145Z", "paid": false, "user": 41, "status": "active", "coupon": null, "discount": 0}}, {"model": "orders.order", "pk": 89, "fields": {"first_name": "Саня", "last_name": "Kartofelniy", "email": "alekseykhitrov@gmail.com", "phone_number": "89213074387", "shipping_address": 12, "created_at": "2025-04-17T16:07:30.100Z", "updated_at": "2025-04-17T16:07:30.100Z", "paid": false, "user": 41, "status": "active", "coupon": null, "discount": 0}}, {"model": "orders.order", "pk": 90, "fields": {"first_name": "Саня", "last_name": "Kartofelniy", "email": "alekseykhitrov@gmail.com", "phone_number": "89213074387", "shipping_address": 11, "created_at": "2025-04-23T10:20:05.127Z", "updated_at": "2025-04-23T10:20:05.127Z", "paid": false, "user": 41, "status": "active", "coupon": null, "discount": 0}}, {"model": "orders.order", "pk": 91, "fields": {"first_name": "Саня", "last_name": "Kartofelniy", "email": "alekseykhitrov@gmail.com", "phone_number": "89213074387", "shipping_address": 10, "created_at": "2025-04-23T10:45:01.234Z", "updated_at": "2025-04-23T10:45:01.234Z", "paid": false, "user": 41, "status": "active", "coupon": null, "discount": 0}}, {"model": "orders.order", "pk": 92, "fields": {"first_name": "Саня", "last_name": "Kartofelniy", "email": "alekseykhitrov@gmail.com", "phone_number": "89213074387", "shipping_address": 10, "created_at": "2025-04-23T10:45:59.279Z", "updated_at": "2025-04-23T10:45:59.279Z", "paid": false, "user": 41, "status": "active", "coupon": null, "discount": 0}}, {"model": "orders.order", "pk": 93, "fields": {"first_name": "Саня", "last_name": "Kartofelniy", "email": "alekseykhitrov@gmail.com", "phone_number": "89213074387", "shipping_address": 10, "created_at": "2025-04-23T10:46:30.728Z", "updated_at": "2025-04-23T10:46:30.728Z", "paid": false, "user": 41, "status": "active", "coupon": null, "discount": 0}}, {"model": "orders.order", "pk": 94, "fields": {"first_name": "Саня", "last_name": "Kartofelniy", "email": "alekseykhitrov@gmail.com", "phone_number": "89213074387", "shipping_address": 10, "created_at": "2025-04-23T10:48:12.799Z", "updated_at": "2025-04-23T10:48:12.799Z", "paid": false, "user": 41, "status": "active", "coupon": null, "discount": 0}}, {"model": "orders.order", "pk": 95, "fields": {"first_name": "Саня", "last_name": "Kartofelniy", "email": "alekseykhitrov@gmail.com", "phone_number": "89213074387", "shipping_address": 10, "created_at": "2025-04-23T10:55:57.547Z", "updated_at": "2025-04-23T10:55:57.547Z", "paid": false, "user": 41, "status": "active", "coupon": null, "discount": 0}}, {"model": "orders.order", "pk": 96, "fields": {"first_name": "Саня", "last_name": "Kartofelniy", "email": "alekseykhitrov@gmail.com", "phone_number": "89213074387", "shipping_address": 10, "created_at": "2025-04-23T11:08:04.459Z", "updated_at": "2025-04-23T11:08:04.459Z", "paid": false, "user": 41, "status": "active", "coupon": null, "discount": 0}}, {"model": "orders.order", "pk": 97, "fields": {"first_name": "Саня", "last_name": "Kartofelniy", "email": "alekseykhitrov@gmail.com", "phone_number": "89213074387", "shipping_address": 10, "created_at": "2025-04-23T11:09:25.475Z", "updated_at": "2025-04-23T11:43:41.552Z", "paid": false, "user": 41, "status": "canceled", "coupon": null, "discount": 0}}, {"model": "orders.order", "pk": 98, "fields": {"first_name": "Саня", "last_name": "Kartofelniy", "email": "alekseykhitrov@gmail.com", "phone_number": "89213074387", "shipping_address": 10, "created_at": "2025-04-23T11:13:11.533Z", "updated_at": "2025-04-23T11:15:46.080Z", "paid": false, "user": 41, "status": "canceled", "coupon": null, "discount": 0}}, {"model": "orders.order", "pk": 99, "fields": {"first_name": "Саня", "last_name": "Kartofelniy", "email": "alekseykhitrov@gmail.com", "phone_number": "89213074387", "shipping_address": 10, "created_at": "2025-04-23T11:16:00.223Z", "updated_at": "2025-04-23T11:43:37.530Z", "paid": false, "user": 41, "status": "canceled", "coupon": null, "discount": 0}}, {"model": "orders.order", "pk": 100, "fields": {"first_name": "Саня", "last_name": "Kartofelniy", "email": "alekseykhitrov@gmail.com", "phone_number": "89213074387", "shipping_address": 10, "created_at": "2025-04-23T11:25:52.177Z", "updated_at": "2025-04-23T11:43:33.942Z", "paid": false, "user": 41, "status": "canceled", "coupon": null, "discount": 0}}, {"model": "orders.order", "pk": 101, "fields": {"first_name": "Саня", "last_name": "Kartofelniy", "email": "alekseykhitrov@gmail.com", "phone_number": "89213074387", "shipping_address": 10, "created_at": "2025-04-23T11:27:55.678Z", "updated_at": "2025-04-23T11:27:55.678Z", "paid": false, "user": 41, "status": "active", "coupon": null, "discount": 0}}, {"model": "orders.order", "pk": 102, "fields": {"first_name": "Саня", "last_name": "Kartofelniy", "email": "alekseykhitrov@gmail.com", "phone_number": "89213074387", "shipping_address": 10, "created_at": "2025-04-23T11:31:19.997Z", "updated_at": "2025-04-23T11:43:29.923Z", "paid": false, "user": 41, "status": "canceled", "coupon": null, "discount": 0}}, {"model": "orders.order", "pk": 103, "fields": {"first_name": "Саня", "last_name": "Kartofelniy", "email": "alekseykhitrov@gmail.com", "phone_number": "89213074387", "shipping_address": 10, "created_at": "2025-04-23T11:33:27.406Z", "updated_at": "2025-04-23T11:35:52.850Z", "paid": false, "user": 41, "status": "canceled", "coupon": null, "discount": 0}}, {"model": "orders.order", "pk": 104, "fields": {"first_name": "Саня", "last_name": "Kartofelniy", "email": "alekseykhitrov@gmail.com", "phone_number": "89213074387", "shipping_address": 10, "created_at": "2025-04-23T11:34:30.320Z", "updated_at": "2025-04-23T11:43:26.037Z", "paid": false, "user": 41, "status": "canceled", "coupon": null, "discount": 0}}, {"model": "orders.order", "pk": 105, "fields": {"first_name": "Саня", "last_name": "Kartofelniy", "email": "alekseykhitrov@gmail.com", "phone_number": "89213074387", "shipping_address": 10, "created_at": "2025-04-23T11:38:03.472Z", "updated_at": "2025-04-23T11:54:05.886Z", "paid": false, "user": 41, "status": "canceled", "coupon": null, "discount": 0}}, {"model": "orders.order", "pk": 106, "fields": {"first_name": "Саня", "last_name": "Kartofelniy", "email": "alekseykhitrov@gmail.com", "phone_number": "89213074387", "shipping_address": 10, "created_at": "2025-04-23T11:41:50.409Z", "updated_at": "2025-04-23T11:54:01.871Z", "paid": false, "user": 41, "status": "canceled", "coupon": null, "discount": 0}}, {"model": "orders.order", "pk": 107, "fields": {"first_name": "Саня", "last_name": "Kartofelniy", "email": "alekseykhitrov@gmail.com", "phone_number": "89213074387", "shipping_address": 10, "created_at": "2025-04-23T11:42:29.164Z", "updated_at": "2025-04-23T11:42:29.164Z", "paid": false, "user": 41, "status": "active", "coupon": null, "discount": 0}}, {"model": "orders.order", "pk": 108, "fields": {"first_name": "Саня", "last_name": "Kartofelniy", "email": "alekseykhitrov@gmail.com", "phone_number": "89213074387", "shipping_address": 10, "created_at": "2025-04-23T11:43:06.848Z", "updated_at": "2025-04-23T11:53:57.643Z", "paid": false, "user": 41, "status": "canceled", "coupon": null, "discount": 0}}, {"model": "orders.order", "pk": 109, "fields": {"first_name": "Саня", "last_name": "Kartofelniy", "email": "alekseykhitrov@gmail.com", "phone_number": "89213074387", "shipping_address": 10, "created_at": "2025-04-23T11:45:39.828Z", "updated_at": "2025-04-23T11:45:39.927Z", "paid": false, "user": 41, "status": "completed", "coupon": null, "discount": 0}}, {"model": "orders.order", "pk": 110, "fields": {"first_name": "Саня", "last_name": "Kartofelniy", "email": "alekseykhitrov@gmail.com", "phone_number": "89213074387", "shipping_address": 10, "created_at": "2025-04-23T11:48:47.669Z", "updated_at": "2025-04-23T11:49:28.526Z", "paid": false, "user": 41, "status": "completed", "coupon": null, "discount": 0}}, {"model": "orders.order", "pk": 111, "fields": {"first_name": "Саня", "last_name": "Kartofelniy", "email": "alekseykhitrov@gmail.com", "phone_number": "89213074387", "shipping_address": 10, "created_at": "2025-04-23T11:53:22.585Z", "updated_at": "2025-04-23T11:53:22.766Z", "paid": false, "user": 41, "status": "active", "coupon": null, "discount": 0}}, {"model": "orders.order", "pk": 112, "fields": {"first_name": "Саня", "last_name": "Kartofelniy", "email": "alekseykhitrov@gmail.com", "phone_number": "89213074387", "shipping_address": 10, "created_at": "2025-04-23T11:56:00.450Z", "updated_at": "2025-04-23T12:51:27.312Z", "paid": false, "user": 41, "status": "canceled", "coupon": null, "discount": 0}}, {"model": "orders.order", "pk": 113, "fields": {"first_name": "Саня", "last_name": "Kartofelniy", "email": "alekseykhitrov@gmail.com", "phone_number": "89213074387", "shipping_address": 10, "created_at": "2025-04-23T12:33:32.638Z", "updated_at": "2025-04-23T12:51:23.997Z", "paid": false, "user": 41, "status": "canceled", "coupon": null, "discount": 0}}, {"model": "orders.order", "pk": 114, "fields": {"first_name": "Саня", "last_name": "Kartofelniy", "email": "alekseykhitrov@gmail.com", "phone_number": "89213074387", "shipping_address": 10, "created_at": "2025-04-23T12:34:38.927Z", "updated_at": "2025-04-23T12:51:20.525Z", "paid": false, "user": 41, "status": "canceled", "coupon": null, "discount": 0}}, {"model": "orders.order", "pk": 115, "fields": {"first_name": "Саня", "last_name": "Kartofelniy", "email": "alekseykhitrov@gmail.com", "phone_number": "89213074387", "shipping_address": 10, "created_at": "2025-04-23T12:38:10.866Z", "updated_at": "2025-04-23T12:51:17.182Z", "paid": false, "user": 41, "status": "canceled", "coupon": null, "discount": 0}}, {"model": "orders.order", "pk": 116, "fields": {"first_name": "Саня", "last_name": "Kartofelniy", "email": "alekseykhitrov@gmail.com", "phone_number": "89213074387", "shipping_address": 10, "created_at": "2025-04-23T12:39:46.325Z", "updated_at": "2025-04-23T12:51:13.521Z", "paid": false, "user": 41, "status": "canceled", "coupon": null, "discount": 0}}, {"model": "orders.order", "pk": 117, "fields": {"first_name": "Саня", "last_name": "Kartofelniy", "email": "alekseykhitrov@gmail.com", "phone_number": "89213074387", "shipping_address": 10, "created_at": "2025-04-23T12:41:15.833Z", "updated_at": "2025-04-23T12:41:15.895Z", "paid": false, "user": 41, "status": "active", "coupon": null, "discount": 0}}, {"model": "orders.order", "pk": 118, "fields": {"first_name": "Саня", "last_name": "Kartofelniy", "email": "alekseykhitrov@gmail.com", "phone_number": "89213074387", "shipping_address": 10, "created_at": "2025-04-23T12:42:01.156Z", "updated_at": "2025-04-23T12:51:04.764Z", "paid": false, "user": 41, "status": "canceled", "coupon": null, "discount": 0}}, {"model": "orders.order", "pk": 119, "fields": {"first_name": "Саня", "last_name": "Kartofelniy", "email": "alekseykhitrov@gmail.com", "phone_number": "89213074387", "shipping_address": 10, "created_at": "2025-04-23T12:43:30.494Z", "updated_at": "2025-04-23T12:51:08.899Z", "paid": false, "user": 41, "status": "canceled", "coupon": null, "discount": 0}}, {"model": "orders.order", "pk": 120, "fields": {"first_name": "Саня", "last_name": "Kartofelniy", "email": "alekseykhitrov@gmail.com", "phone_number": "89213074387", "shipping_address": 10, "created_at": "2025-04-23T12:44:05.516Z", "updated_at": "2025-04-23T12:58:12.879Z", "paid": false, "user": 41, "status": "active", "coupon": null, "discount": 0}}, {"model": "orders.order", "pk": 121, "fields": {"first_name": "Саня", "last_name": "Kartofelniy", "email": "alekseykhitrov@gmail.com", "phone_number": "89213074387", "shipping_address": 10, "created_at": "2025-04-23T13:00:01.674Z", "updated_at": "2025-04-23T13:00:01.738Z", "paid": false, "user": 41, "status": "active", "coupon": null, "discount": 0}}, {"model": "orders.order", "pk": 122, "fields": {"first_name": "Саня", "last_name": "Kartofelniy", "email": "alekseykhitrov@gmail.com", "phone_number": "89213074387", "shipping_address": 10, "created_at": "2025-04-23T13:01:35.434Z", "updated_at": "2025-04-23T13:04:29.042Z", "paid": false, "user": 41, "status": "active", "coupon": null, "discount": 0}}, {"model": "orders.order", "pk": 123, "fields": {"first_name": "Саня", "last_name": "Kartofelniy", "email": "alekseykhitrov@gmail.com", "phone_number": "89213074387", "shipping_address": 10, "created_at": "2025-04-23T13:04:47.686Z", "updated_at": "2025-04-23T13:04:47.754Z", "paid": false, "user": 41, "status": "active", "coupon": null, "discount": 0}}, {"model": "orders.order", "pk": 124, "fields": {"first_name": "Саня", "last_name": "Kartofelniy", "email": "alekseykhitrov@gmail.com", "phone_number": "89213074387", "shipping_address": 10, "created_at": "2025-04-23T13:25:39.866Z", "updated_at": "2025-04-23T13:25:39.932Z", "paid": false, "user": 41, "status": "active", "coupon": null, "discount": 0}}, {"model": "orders.order", "pk": 125, "fields": {"first_name": "Саня", "last_name": "Kartofelniy", "email": "alekseykhitrov@gmail.com", "phone_number": "89213074387", "shipping_address": 10, "created_at": "2025-04-23T13:27:31.666Z", "updated_at": "2025-04-23T13:27:39.428Z", "paid": false, "user": 41, "status": "paid", "coupon": null, "discount": 0}}, {"model": "orders.orderitem", "pk": 1, "fields": {"order": 1, "product": 9, "price": "1068.00", "quantity": 1}}, {"model": "orders.orderitem", "pk": 2, "fields": {"order": 2, "product": 2, "price": "410.00", "quantity": 1}}, {"model": "orders.orderitem", "pk": 3, "fields": {"order": 3, "product": 33, "price": "36.00", "quantity": 1}}, {"model": "orders.orderitem", "pk": 4, "fields": {"order": 3, "product": 9, "price": "1068.00", "quantity": 1}}, {"model": "orders.orderitem", "pk": 5, "fields": {"order": 4, "product": 9, "price": "1068.00", "quantity": 1}}, {"model": "orders.orderitem", "pk": 6, "fields": {"order": 5, "product": 33, "price": "36.00", "quantity": 1}}, {"model": "orders.orderitem", "pk": 7, "fields": {"order": 6, "product": 32, "price": "72.00", "quantity": 7}}, {"model": "orders.orderitem", "pk": 8, "fields": {"order": 7, "product": 32, "price": "72.00", "quantity": 1}}, {"model": "orders.orderitem", "pk": 9, "fields": {"order": 8, "product": 32, "price": "72.00", "quantity": 8}}, {"model": "orders.orderitem", "pk": 10, "fields": {"order": 9, "product": 14, "price": "11881.00", "quantity": 1}}, {"model": "orders.orderitem", "pk": 11, "fields": {"order": 10, "product": 9, "price": "1068.00", "quantity": 1}}, {"model": "orders.orderitem", "pk": 12, "fields": {"order": 11, "product": 9, "price": "1068.00", "quantity": 1}}, {"model": "orders.orderitem", "pk": 13, "fields": {"order": 12, "product": 10, "price": "3859.00", "quantity": 1}}, {"model": "orders.orderitem", "pk": 14, "fields": {"order": 13, "product": 5, "price": "657.00", "quantity": 1}}, {"model": "orders.orderitem", "pk": 15, "fields": {"order": 14, "product": 5, "price": "657.00", "quantity": 1}}, {"model": "orders.orderitem", "pk": 16, "fields": {"order": 15, "product": 5, "price": "657.00", "quantity": 1}}, {"model": "orders.orderitem", "pk": 17, "fields": {"order": 16, "product": 5, "price": "657.00", "quantity": 1}}, {"model": "orders.orderitem", "pk": 18, "fields": {"order": 16, "product": 9, "price": "1068.00", "quantity": 1}}, {"model": "orders.orderitem", "pk": 19, "fields": {"order": 17, "product": 5, "price": "657.00", "quantity": 1}}, {"model": "orders.orderitem", "pk": 20, "fields": {"order": 17, "product": 9, "price": "1068.00", "quantity": 1}}, {"model": "orders.orderitem", "pk": 21, "fields": {"order": 17, "product": 2, "price": "410.00", "quantity": 1}}, {"model": "orders.orderitem", "pk": 22, "fields": {"order": 18, "product": 2, "price": "410.00", "quantity": 1}}, {"model": "orders.orderitem", "pk": 23, "fields": {"order": 19, "product": 32, "price": "72.00", "quantity": 1}}, {"model": "orders.orderitem", "pk": 24, "fields": {"order": 20, "product": 32, "price": "72.00", "quantity": 1}}, {"model": "orders.orderitem", "pk": 25, "fields": {"order": 21, "product": 10, "price": "3859.00", "quantity": 1}}, {"model": "orders.orderitem", "pk": 26, "fields": {"order": 22, "product": 14, "price": "11881.00", "quantity": 1}}, {"model": "orders.orderitem", "pk": 27, "fields": {"order": 23, "product": 14, "price": "11881.00", "quantity": 1}}, {"model": "orders.orderitem", "pk": 28, "fields": {"order": 24, "product": 10, "price": "3859.00", "quantity": 1}}, {"model": "orders.orderitem", "pk": 29, "fields": {"order": 25, "product": 14, "price": "11881.00", "quantity": 1}}, {"model": "orders.orderitem", "pk": 30, "fields": {"order": 26, "product": 14, "price": "11881.00", "quantity": 1}}, {"model": "orders.orderitem", "pk": 31, "fields": {"order": 27, "product": 14, "price": "11881.00", "quantity": 5}}, {"model": "orders.orderitem", "pk": 32, "fields": {"order": 28, "product": 9, "price": "1068.00", "quantity": 1}}, {"model": "orders.orderitem", "pk": 33, "fields": {"order": 29, "product": 9, "price": "1068.00", "quantity": 1}}, {"model": "orders.orderitem", "pk": 34, "fields": {"order": 30, "product": 32, "price": "72.00", "quantity": 8}}, {"model": "orders.orderitem", "pk": 35, "fields": {"order": 31, "product": 10, "price": "3859.00", "quantity": 1}}, {"model": "orders.orderitem", "pk": 36, "fields": {"order": 32, "product": 3, "price": "471.00", "quantity": 1}}, {"model": "orders.orderitem", "pk": 37, "fields": {"order": 33, "product": 9, "price": "1068.00", "quantity": 1}}, {"model": "orders.orderitem", "pk": 38, "fields": {"order": 34, "product": 14, "price": "11881.00", "quantity": 1}}, {"model": "orders.orderitem", "pk": 39, "fields": {"order": 35, "product": 14, "price": "11881.00", "quantity": 1}}, {"model": "orders.orderitem", "pk": 40, "fields": {"order": 35, "product": 2, "price": "410.00", "quantity": 1}}, {"model": "orders.orderitem", "pk": 41, "fields": {"order": 36, "product": 4, "price": "593.00", "quantity": 1}}, {"model": "orders.orderitem", "pk": 42, "fields": {"order": 37, "product": 4, "price": "593.00", "quantity": 1}}, {"model": "orders.orderitem", "pk": 43, "fields": {"order": 38, "product": 33, "price": "36.00", "quantity": 1}}, {"model": "orders.orderitem", "pk": 44, "fields": {"order": 41, "product": 32, "price": "72.00", "quantity": 1}}, {"model": "orders.orderitem", "pk": 45, "fields": {"order": 42, "product": 32, "price": "72.00", "quantity": 1}}, {"model": "orders.orderitem", "pk": 46, "fields": {"order": 42, "product": 10, "price": "3859.00", "quantity": 1}}, {"model": "orders.orderitem", "pk": 47, "fields": {"order": 43, "product": 32, "price": "72.00", "quantity": 1}}, {"model": "orders.orderitem", "pk": 48, "fields": {"order": 46, "product": 9, "price": "1068.00", "quantity": 1}}, {"model": "orders.orderitem", "pk": 49, "fields": {"order": 47, "product": 2, "price": "410.00", "quantity": 1}}, {"model": "orders.orderitem", "pk": 50, "fields": {"order": 48, "product": 14, "price": "11881.00", "quantity": 1}}, {"model": "orders.orderitem", "pk": 51, "fields": {"order": 49, "product": 6, "price": "763.00", "quantity": 1}}, {"model": "orders.orderitem", "pk": 52, "fields": {"order": 50, "product": 2, "price": "410.00", "quantity": 1}}, {"model": "orders.orderitem", "pk": 53, "fields": {"order": 51, "product": 13, "price": "7809.00", "quantity": 1}}, {"model": "orders.orderitem", "pk": 54, "fields": {"order": 52, "product": 32, "price": "72.00", "quantity": 1}}, {"model": "orders.orderitem", "pk": 55, "fields": {"order": 53, "product": 32, "price": "72.00", "quantity": 6}}, {"model": "orders.orderitem", "pk": 56, "fields": {"order": 54, "product": 9, "price": "1068.00", "quantity": 3}}, {"model": "orders.orderitem", "pk": 57, "fields": {"order": 55, "product": 11, "price": "4425.00", "quantity": 1}}, {"model": "orders.orderitem", "pk": 58, "fields": {"order": 56, "product": 3, "price": "471.00", "quantity": 1}}, {"model": "orders.orderitem", "pk": 59, "fields": {"order": 57, "product": 3, "price": "471.00", "quantity": 1}}, {"model": "orders.orderitem", "pk": 60, "fields": {"order": 58, "product": 3, "price": "471.00", "quantity": 1}}, {"model": "orders.orderitem", "pk": 61, "fields": {"order": 59, "product": 9, "price": "1068.00", "quantity": 1}}, {"model": "orders.orderitem", "pk": 62, "fields": {"order": 60, "product": 10, "price": "3859.00", "quantity": 1}}, {"model": "orders.orderitem", "pk": 63, "fields": {"order": 61, "product": 10, "price": "3859.00", "quantity": 1}}, {"model": "orders.orderitem", "pk": 64, "fields": {"order": 62, "product": 2, "price": "410.00", "quantity": 1}}, {"model": "orders.orderitem", "pk": 65, "fields": {"order": 63, "product": 15, "price": "1179.00", "quantity": 1}}, {"model": "orders.orderitem", "pk": 66, "fields": {"order": 64, "product": 7, "price": "848.00", "quantity": 1}}, {"model": "orders.orderitem", "pk": 67, "fields": {"order": 65, "product": 22, "price": "5149.00", "quantity": 1}}, {"model": "orders.orderitem", "pk": 68, "fields": {"order": 66, "product": 32, "price": "72.00", "quantity": 1}}, {"model": "orders.orderitem", "pk": 69, "fields": {"order": 67, "product": 2, "price": "410.00", "quantity": 1}}, {"model": "orders.orderitem", "pk": 70, "fields": {"order": 68, "product": 5, "price": "657.00", "quantity": 1}}, {"model": "orders.orderitem", "pk": 71, "fields": {"order": 69, "product": 18, "price": "2446.00", "quantity": 1}}, {"model": "orders.orderitem", "pk": 72, "fields": {"order": 70, "product": 6, "price": "763.00", "quantity": 1}}, {"model": "orders.orderitem", "pk": 73, "fields": {"order": 71, "product": 33, "price": "36.00", "quantity": 1}}, {"model": "orders.orderitem", "pk": 74, "fields": {"order": 72, "product": 11, "price": "4425.00", "quantity": 1}}, {"model": "orders.orderitem", "pk": 75, "fields": {"order": 73, "product": 5, "price": "657.00", "quantity": 1}}, {"model": "orders.orderitem", "pk": 76, "fields": {"order": 74, "product": 13, "price": "7809.00", "quantity": 1}}, {"model": "orders.orderitem", "pk": 77, "fields": {"order": 75, "product": 23, "price": "4944.00", "quantity": 1}}, {"model": "orders.orderitem", "pk": 78, "fields": {"order": 76, "product": 10, "price": "3859.00", "quantity": 1}}, {"model": "orders.orderitem", "pk": 79, "fields": {"order": 77, "product": 12, "price": "6292.00", "quantity": 1}}, {"model": "orders.orderitem", "pk": 80, "fields": {"order": 78, "product": 25, "price": "9297.00", "quantity": 1}}, {"model": "orders.orderitem", "pk": 81, "fields": {"order": 79, "product": 6, "price": "763.00", "quantity": 1}}, {"model": "orders.orderitem", "pk": 82, "fields": {"order": 80, "product": 9, "price": "1068.00", "quantity": 1}}, {"model": "orders.orderitem", "pk": 83, "fields": {"order": 81, "product": 9, "price": "1068.00", "quantity": 2}}, {"model": "orders.orderitem", "pk": 84, "fields": {"order": 82, "product": 9, "price": "1068.00", "quantity": 2}}, {"model": "orders.orderitem", "pk": 85, "fields": {"order": 82, "product": 14, "price": "11881.00", "quantity": 1}}, {"model": "orders.orderitem", "pk": 86, "fields": {"order": 83, "product": 9, "price": "1068.00", "quantity": 3}}, {"model": "orders.orderitem", "pk": 87, "fields": {"order": 83, "product": 14, "price": "11881.00", "quantity": 10}}, {"model": "orders.orderitem", "pk": 88, "fields": {"order": 84, "product": 14, "price": "11881.00", "quantity": 9}}, {"model": "orders.orderitem", "pk": 89, "fields": {"order": 85, "product": 9, "price": "1068.00", "quantity": 7}}, {"model": "orders.orderitem", "pk": 90, "fields": {"order": 86, "product": 9, "price": "1068.00", "quantity": 7}}, {"model": "orders.orderitem", "pk": 91, "fields": {"order": 87, "product": 9, "price": "1068.00", "quantity": 9}}, {"model": "orders.orderitem", "pk": 92, "fields": {"order": 88, "product": 9, "price": "1068.00", "quantity": 9}}, {"model": "orders.orderitem", "pk": 93, "fields": {"order": 89, "product": 9, "price": "1068.00", "quantity": 9}}, {"model": "orders.orderitem", "pk": 94, "fields": {"order": 89, "product": 11, "price": "4425.00", "quantity": 6}}, {"model": "orders.orderitem", "pk": 95, "fields": {"order": 90, "product": 2, "price": "410.00", "quantity": 1}}, {"model": "orders.orderitem", "pk": 96, "fields": {"order": 91, "product": 32, "price": "72.00", "quantity": 1}}, {"model": "orders.orderitem", "pk": 97, "fields": {"order": 92, "product": 32, "price": "72.00", "quantity": 1}}, {"model": "orders.orderitem", "pk": 98, "fields": {"order": 93, "product": 32, "price": "72.00", "quantity": 1}}, {"model": "orders.orderitem", "pk": 99, "fields": {"order": 94, "product": 3, "price": "471.00", "quantity": 1}}, {"model": "orders.orderitem", "pk": 100, "fields": {"order": 95, "product": 3, "price": "471.00", "quantity": 1}}, {"model": "orders.orderitem", "pk": 101, "fields": {"order": 96, "product": 10, "price": "3859.00", "quantity": 1}}, {"model": "orders.orderitem", "pk": 102, "fields": {"order": 97, "product": 33, "price": "36.00", "quantity": 1}}, {"model": "orders.orderitem", "pk": 103, "fields": {"order": 98, "product": 32, "price": "72.00", "quantity": 1}}, {"model": "orders.orderitem", "pk": 104, "fields": {"order": 99, "product": 32, "price": "72.00", "quantity": 2}}, {"model": "orders.orderitem", "pk": 105, "fields": {"order": 100, "product": 32, "price": "72.00", "quantity": 10}}, {"model": "orders.orderitem", "pk": 106, "fields": {"order": 101, "product": 32, "price": "72.00", "quantity": 10}}, {"model": "orders.orderitem", "pk": 107, "fields": {"order": 102, "product": 32, "price": "72.00", "quantity": 10}}, {"model": "orders.orderitem", "pk": 108, "fields": {"order": 103, "product": 9, "price": "1068.00", "quantity": 1}}, {"model": "orders.orderitem", "pk": 109, "fields": {"order": 104, "product": 9, "price": "1068.00", "quantity": 1}}, {"model": "orders.orderitem", "pk": 110, "fields": {"order": 105, "product": 9, "price": "1068.00", "quantity": 3}}, {"model": "orders.orderitem", "pk": 111, "fields": {"order": 106, "product": 9, "price": "1068.00", "quantity": 3}}, {"model": "orders.orderitem", "pk": 112, "fields": {"order": 106, "product": 11, "price": "4425.00", "quantity": 1}}, {"model": "orders.orderitem", "pk": 113, "fields": {"order": 107, "product": 9, "price": "1068.00", "quantity": 3}}, {"model": "orders.orderitem", "pk": 114, "fields": {"order": 107, "product": 11, "price": "4425.00", "quantity": 1}}, {"model": "orders.orderitem", "pk": 115, "fields": {"order": 108, "product": 11, "price": "4425.00", "quantity": 10}}, {"model": "orders.orderitem", "pk": 116, "fields": {"order": 109, "product": 5, "price": "657.00", "quantity": 1}}, {"model": "orders.orderitem", "pk": 117, "fields": {"order": 110, "product": 5, "price": "657.00", "quantity": 5}}, {"model": "orders.orderitem", "pk": 118, "fields": {"order": 111, "product": 6, "price": "763.00", "quantity": 1}}, {"model": "orders.orderitem", "pk": 119, "fields": {"order": 112, "product": 24, "price": "6668.00", "quantity": 1}}, {"model": "orders.orderitem", "pk": 120, "fields": {"order": 113, "product": 24, "price": "6668.00", "quantity": 1}}, {"model": "orders.orderitem", "pk": 121, "fields": {"order": 114, "product": 24, "price": "6668.00", "quantity": 1}}, {"model": "orders.orderitem", "pk": 122, "fields": {"order": 115, "product": 23, "price": "4944.00", "quantity": 1}}, {"model": "orders.orderitem", "pk": 123, "fields": {"order": 116, "product": 23, "price": "4944.00", "quantity": 1}}, {"model": "orders.orderitem", "pk": 124, "fields": {"order": 116, "product": 32, "price": "72.00", "quantity": 1}}, {"model": "orders.orderitem", "pk": 125, "fields": {"order": 117, "product": 33, "price": "36.00", "quantity": 1}}, {"model": "orders.orderitem", "pk": 126, "fields": {"order": 118, "product": 33, "price": "36.00", "quantity": 1}}, {"model": "orders.orderitem", "pk": 127, "fields": {"order": 119, "product": 33, "price": "36.00", "quantity": 1}}, {"model": "orders.orderitem", "pk": 128, "fields": {"order": 120, "product": 33, "price": "36.00", "quantity": 1}}, {"model": "orders.orderitem", "pk": 129, "fields": {"order": 121, "product": 6, "price": "763.00", "quantity": 1}}, {"model": "orders.orderitem", "pk": 130, "fields": {"order": 122, "product": 4, "price": "593.00", "quantity": 1}}, {"model": "orders.orderitem", "pk": 131, "fields": {"order": 123, "product": 27, "price": "20007.00", "quantity": 1}}, {"model": "orders.orderitem", "pk": 132, "fields": {"order": 124, "product": 14, "price": "11881.00", "quantity": 1}}, {"model": "orders.orderitem", "pk": 133, "fields": {"order": 125, "product": 33, "price": "36.00", "quantity": 1}}, {"model": "accounts.address", "pk": 10, "fields": {"user": 40, "country": "Россия", "region": "Ленинградская обл.", "city": "пос. Форносово", "street": "Круговая", "house_number": "876", "litter_number": "6", "apartments_number": "8", "floor": "16", "elevator": false, "intercom": false, "postal_code": "947267"}}, {"model": "accounts.address", "pk": 11, "fields": {"user": 40, "country": "Россия", "region": "Спб", "city": "Санкт-Петербург", "street": "Новая", "house_number": "67", "litter_number": "2", "apartments_number": "456", "floor": "16", "elevator": true, "intercom": true, "postal_code": "567347"}}, {"model": "accounts.address", "pk": 12, "fields": {"user": 43, "country": "Россия", "region": "Спб", "city": "Санкт-Петербург", "street": "Белградская", "house_number": "456", "litter_number": "2", "apartments_number": "347", "floor": "11", "elevator": true, "intercom": true, "postal_code": "345876"}}, {"model": "accounts.profile", "pk": 7, "fields": {"user": 40, "phone_number": "5674523", "birth_date": "2024-12-05", "gender": "Женский"}}, {"model": "accounts.profile", "pk": 8, "fields": {"user": 41, "phone_number": "89213074387", "birth_date": "2000-02-04", "gender": "Мужской"}}, {"model": "accounts.profile", "pk": 9, "fields": {"user": 42, "phone_number": "158-98-44", "birth_date": "2006-02-15", "gender": "Мужской"}}, {"model": "accounts.profile", "pk": 10, "fields": {"user": 43, "phone_number": "567-45-23", "birth_date": "1994-06-23", "gender": "Женский"}}, {"model": "accounts.profile", "pk": 11, "fields": {"user": 44, "phone_number": "89999999999", "birth_date": null, "gender": "Мужской"}}, {"model": "coupons.coupontype", "pk": 1, "fields": {"name": "Standart"}}, {"model": "coupons.coupontype", "pk": 2, "fields": {"name": "Personal"}}, {"model": "coupons.coupon", "pk": 8, "fields": {"code": "SALE20", "valid_from": "2025-02-06T19:15:49Z", "valid_to": "2026-02-06T19:15:54Z", "discount": 20, "active": true, "max_uses": 7, "uses": 7, "type": 1}}]