[{"model": "admin.logentry", "pk": 368, "fields": {"action_time": "2024-12-05T09:04:59.967Z", "user": 34, "content_type": 4, "object_id": "32", "object_repr": "aleksey_admin", "action_flag": 3, "change_message": ""}}, {"model": "admin.logentry", "pk": 369, "fields": {"action_time": "2024-12-05T09:04:59.967Z", "user": 34, "content_type": 4, "object_id": "33", "object_repr": "Sergey", "action_flag": 3, "change_message": ""}}, {"model": "auth.user", "pk": 34, "fields": {"password": "pbkdf2_sha256$870000$A7i5zMQntMrxniTiGtgvjw$G0AR31Hox5otHNrb9Mwh48qCmxnG5tPoG0WCbbFjBCM=", "last_login": "2024-12-05T09:04:05.333Z", "is_superuser": true, "username": "aleks_admin", "first_name": "", "last_name": "", "email": "www@gmail.com", "is_staff": true, "is_active": true, "date_joined": "2024-12-05T09:03:17.056Z", "groups": [], "user_permissions": []}}, {"model": "auth.user", "pk": 35, "fields": {"password": "pbkdf2_sha256$870000$YtzYTynYieD8UYTiTBuK76$aqojPu2ym1K60nn6egJmkffhBMFQKu5LuyQa1EeXqf0=", "last_login": "2024-12-05T09:05:39.050Z", "is_superuser": false, "username": "Sergey", "first_name": "Сергей", "last_name": "Петров", "email": "petor_sokolov1998@rambler.ru", "is_staff": false, "is_active": true, "date_joined": "2024-12-05T09:05:27.830Z", "groups": [], "user_permissions": []}}, {"model": "auth.user", "pk": 36, "fields": {"password": "pbkdf2_sha256$870000$3U5YVHyvZUPj4PE1lgi9th$kcmptiW4jaQ0u72pYtcLhKZcDKVK3jGDMst6Vrgg0u0=", "last_login": "2024-12-05T09:37:37.766Z", "is_superuser": false, "username": "Marvin", "first_name": "Олег", "last_name": "Соколов", "email": "aaa@gmail.com", "is_staff": false, "is_active": true, "date_joined": "2024-12-05T09:37:25.888Z", "groups": [], "user_permissions": []}}, {"model": "auth.user", "pk": 37, "fields": {"password": "pbkdf2_sha256$870000$5NABxZxDhlLdIBXzWLJUym$nszvg5smEoap1xTwsqHyCTBQiESPCzSUoQ6IVoix84Q=", "last_login": "2024-12-05T09:45:05.592Z", "is_superuser": false, "username": "Rediska", "first_name": "Ольга", "last_name": "Иванова", "email": "asdqwe@dfg.ru", "is_staff": false, "is_active": true, "date_joined": "2024-12-05T09:44:43.316Z", "groups": [], "user_permissions": []}}, {"model": "sessions.session", "pk": "339pw5gkq9m2vn2cubbrvmfgwkdttze9", "fields": {"session_data": ".eJx1zLFuhDAMBuB38XxCCXZCwti9z4AcxxTaCloIQ3Xi3XuRbrmBxYP_7__vILwV6O_Q1vN78FLm8ge9vcHPNotCD2QNnDeIl8AaH6qw9nqDWleJvxSdRzgfYuCjTMOx6zbMuY47eHkmli9dapI_eflYG1mXss2pqaR5pnvzvmb9fnval4GJ9-nRRiTRjJ5zNN6RSiBE6Qhd8JysBo4RW4OaqPMj2dF06kikDTG4kRKc_4d9YcI:1tG1BA:DRtI3-wpJm4Q5HDpZtjNySzArm95M0TXFGiG9vmxmhY", "expire_date": "2024-12-03T19:24:56.795Z"}}, {"model": "sessions.session", "pk": "3x5kqgdugodyoxcn938dqxfssk7fqxi7", "fields": {"session_data": "eyJjYXJ0Ijp7IjI2Ijp7InF1YW50aXR5IjoxLCJwcmljZSI6IjExOTQ3In19fQ:1sqGmh:klakkleksKJb1Gekvw2httiQh09zLRIGxtBE7mbFBZs", "expire_date": "2024-09-23T18:49:15.968Z"}}, {"model": "sessions.session", "pk": "52fy049hj6eerrpp9meaz344b2fco0fy", "fields": {"session_data": "eyJjYXJ0Ijp7IjIiOnsicXVhbnRpdHkiOjEsInByaWNlIjoiNDEwIn19fQ:1tEWfu:ghSBevNsaaUROhF3a4TNDH0uKX_BmJssuolIGk_bQmc", "expire_date": "2024-11-29T16:38:30.343Z"}}, {"model": "sessions.session", "pk": "62bgt1c2upc3siim53fspeo75ivc4zga", "fields": {"session_data": ".eJxVjDsOgzAQRO-yNbL8DTFl-pwBrXdNcBKZBEwRIe4ekGhoppj3ZhYgHAs0C_g9vjPmksoPGlXBZ0wUoQElL1dY1wpanEvfzlMc28Qb0BJOZUB6xbwTfmJ-DIKGXMYUxK6Ig07iPnB83w73dNDj1G9rqgMa9sqjJWssSibllGfjKYZaou02Eo2VnbGsrNZO10Y6zSo4NORg_QPwxkSp:1tGNjs:2WDzqJ_C7SBjB_29dwPZ6eVrjMflOd_NVcZsQ-Fk0Do", "expire_date": "2024-12-04T19:30:16.778Z"}}, {"model": "sessions.session", "pk": "6pzdwv1qwr1zi4utipdoi70761zpe6kb", "fields": {"session_data": "eyJjYXJ0Ijp7fX0:1tEWtT:PZfIcv5coIfJ8SNt8IV3XhSpn3b7_F7aP5HUs4mzlY8", "expire_date": "2024-11-29T16:52:31.099Z"}}, {"model": "sessions.session", "pk": "6w9ud91hl3h4mqszpezmzr40lu0sdf7o", "fields": {"session_data": "eyJjYXJ0Ijp7fX0:1tEWqY:aySXuQLb0NvJ8BwE-E4U2mrgaA8qGV5OupN3Q1p-wwA", "expire_date": "2024-11-29T16:49:30.481Z"}}, {"model": "sessions.session", "pk": "8jxi7jukg18jn4066ltwmb0d8bcsihp4", "fields": {"session_data": "eyJjYXJ0Ijp7fX0:1tEWwU:JGPzLfsqgR_fJUch6OU7_x0mx4TNMvTnO2vdfUXgfu0", "expire_date": "2024-11-29T16:55:38.397Z"}}, {"model": "sessions.session", "pk": "a35et0spwcaqs6nagul1624u1t2nq8op", "fields": {"session_data": ".eJxVjDsOgzAQRO-ydWRtjD9ryvScAa3XTiCJbIlPhbh7gkTDlPPezAbC0wLttt-g53UZ-nXOUz8maEEbuJSR5ZPLQdKby6sqqWWZxqgORZ10Vl1N-fs43cvBwPNwrIMOgT1ZRKsloSNKTkhL8PLP826aaKy3xI6EAxrERhp20bE1bAT2Hz35OvU:1tIDb5:G5hC8gYaN_gNvdKdRQjLpgXerNTgmFeMy4xDuC5xRhA", "expire_date": "2024-12-09T21:04:47.019Z"}}, {"model": "sessions.session", "pk": "a5frvzzuxnka9ozsb5wekkht9wv41q35", "fields": {"session_data": ".eJxVjTEOgzAQBP9yNUJ2fDY2Zfq8AZ3PRyCJIAFTRIi_J0g0NFvsjHZXYJoy1CtotednoSH3-Qu1LuA99SxQg_E2wLYV0NCSu2aZZWr69AfawqmMxE8ZdpIeNNzHkschT30sd6U86FzexiSv6-GeBjqau_3QIEsyjlJQzqKwR2O4QmO9o6jFUwjmooxErFyLulWVWGS--OBtixG2HwYcRLM:1tG0U2:F4fAkxTwGwxwwgoN-TwPL-g5f6r-gBNFJMaRnNAxC_s", "expire_date": "2024-12-03T18:40:22.710Z"}}, {"model": "sessions.session", "pk": "d0v6yq57d34y1xvhqmxngbvd3iu54lqd", "fields": {"session_data": ".eJxVjDkOwjAUBe_iGlk_xAumpOcMlv9iHEC2FCcV4u4QKQW0b2beS8W0LiWuXeY4sTqrQR1-N0z0kLoBvqd6a5paXeYJ9abonXZ9bSzPy-7-HZTUy7cmBs_BkRHKQSCfDLpAloLnTDgAeAmjzUf0gjBazwZDYkuWrUgGp94fDiI5Bw:1siuN6:ti4d8aH7sgSBWL_AXDZaLpY8-iPjBiii3LF3k2igVNc", "expire_date": "2024-09-10T11:28:24.827Z"}}, {"model": "sessions.session", "pk": "e7p0cs81ztlljyvhqau7lu49fio2mkmm", "fields": {"session_data": ".eJxVjDsOgzAQBe_iOrLiD7CmTM8Z0HrXDiSRLRlTIe4ekCiS9s282cSIa53GdQllnFn0wrTi9jt6pHdIJ-EXpmeWlFMts5enIi-6yCFz-Dwu9y8w4TIdbzDeRW6ZtXbsnKWmQ7KeVBNCBI0qEmlQqkPvLBgVNYBTwfjuzoYjHFHCUkW_7fsXZhU7yw:1tJ8LV:M05F_Vt1xq3j9vBkOVx6QIoz5TZOvv4zWdO-Wg1s8to", "expire_date": "2024-12-12T09:40:29.449Z"}}, {"model": "sessions.session", "pk": "eeemblhxdeou74rntu2bm4oyistu286p", "fields": {"session_data": "eyJjYXJ0Ijp7fX0:1tEX5l:haLtyFCLvzyBdnNpH5XwrMbcR177RuebBzBLRtLiWOc", "expire_date": "2024-11-29T17:05:13.071Z"}}, {"model": "sessions.session", "pk": "f37vv2w4w29tmeznzhdi780yh26vk0il", "fields": {"session_data": "eyJjYXJ0Ijp7fX0:1tEWdk:RczXu3LM8tcPn7q-fhdI7Gib80c5x8V4ybKnLkwrqH0", "expire_date": "2024-11-29T16:36:16.778Z"}}, {"model": "sessions.session", "pk": "fe0pssqogqd4smmo6jvm3qr93mqqdg62", "fields": {"session_data": ".eJxVjDsOgzAQRO-ydWRhr-21KdPnDGj9CyQRSBgqxN0DEg3lzHszG0SeF2i3_QEdr0vfrTXP3ZCgBQW3LnD85vEE6cPjexJxGpd5COJUxEWreE0p_56XezvoufbHWiJabVH76Bst2avsFDkuDaWojyTRkLNYXDKSiLQrwbAmDFYlzh5h_wPsRDnr:1tBeIU:sgMCmvOZ-HMfT1DZoZQOX87ymgo_qYKjLaQApEdp5qU", "expire_date": "2024-11-21T18:10:26.635Z"}}, {"model": "sessions.session", "pk": "flmwke1yxp3xmvo36x4aegeefesjvhx5", "fields": {"session_data": "eyJjYXJ0Ijp7fX0:1tEXlC:g5e-wriehtG_v4tW4AKZwTEweyuM2UZOehLoj-qMQC8", "expire_date": "2024-11-29T17:48:02.047Z"}}, {"model": "sessions.session", "pk": "fwuk0jwuw21mbiontljym5094jw2biph", "fields": {"session_data": "eyJjYXJ0Ijp7IjYiOnsicXVhbnRpdHkiOjQsInByaWNlIjoiNzYzIn19fQ:1t1MC0:EPv-pXvEOomoA4Eiea83rB1JIkRlsKMvzoj1TAuCuuI", "expire_date": "2024-10-24T08:49:12.541Z"}}, {"model": "sessions.session", "pk": "g139pw0x25gtfh9sj89rv36322hxzdfd", "fields": {"session_data": ".eJxVjDsOgzAQBe_iOrLiH3gp03MGtN5dYpIIJAMV4u4BiSJp38ybTXW4LrlbZyndwKpRLqjb75iQ3jKehF84PidN07iUIelT0ReddTuxfB6X-xfIOOfjDeyBoTLWUkzRJhRjMNZ4N96LddATsEu2d7VUaKX35CUYiswBAhEcUcKyqGbb9y9MyDvB:1tJ8Gq:Y8Od4h99QUOUWFoo8dGjFNlcrRhQa3-6X-19IXDBz4g", "expire_date": "2024-12-12T09:35:40.686Z"}}, {"model": "sessions.session", "pk": "inc4golozhmds44y3yke3ech3pgs229s", "fields": {"session_data": ".eJxVjEsOgzAMBe_idRUlsSMUlt33DMixQ0NbBYnPCnH3gsSG7ZuZt4HwtEC77Q_oeF1Kt8556gaFFryF25hYvrmeRD9c36ORsS7TkMypmIvO5jVq_j0v93ZQeC5HLU1i1OgikxASWxUXXFSMklNjmfqDZCTbI6kj74Nv0AavLgVGCbD_AVV5Ovw:1tGO0X:9ShUDczg4XEj_wYE40D9qQKjJ7CZ7KsEv26Pmol9So0", "expire_date": "2024-12-04T19:47:29.853Z"}}, {"model": "sessions.session", "pk": "kmgpyo5zp49o48dydzq9mvcxyt89miub", "fields": {"session_data": ".eJxVjDsOgzAQRO-yNbL8ix1Tps8Z0NprgpPIJMYUEeLuAYmGZoo3b2aBgKVCu4Dc4ztjrqn-oBUNfEoKEVrQgsO6NtDhXIdunmLpEm1cWThBj-EV897QE_NjZGHMtSTPdoUd7cTuI8X37XBPBwNOw7ZGo2M0KFFYwXWviEtx7UmidJYr77TX9mIVBue87w1xgxQlkSMdPA8B1j-2pUVv:1tJ8Px:UHkSvlshRRC-lNZ83nKkX4p6br6QFZuf_eK_8dbV1g4", "expire_date": "2024-12-12T09:45:05.597Z"}}, {"model": "sessions.session", "pk": "kn1v6vbfctg1wb8xwms0tv9umwp8fa1q", "fields": {"session_data": ".eJyrVkpOLCpRsqpWsgQRhaWJeSWZJZVKVoY6SgVFmcmpSlZKhgZmFkq1OkAaVYkRQomxhamlUm1tLQDFkBfS:1stAr7:UevZ-zxZI8NJhw7YVA-MviyxqdpOrhVuVgIoR9kI6Q4", "expire_date": "2024-10-01T19:05:49.214Z"}}, {"model": "sessions.session", "pk": "l9xrpae1mthtpz9kfwqhhe6qejgra49u", "fields": {"session_data": ".eJxVjDsOgzAQRO-yNUJefwSmTJ8zoPXaBCeRSYwpIsTdAxINzRTz3swKTLlAtwLqI78LpRLLDzqs4JMjB-gAsW0Rtq2CnpYy9sscch_9TqSAS-mIXyEdxD8pPaaap1RydPWh1Ced6_vkw_t2upeDkeZxX3PjSHmLljRrpUl4RoPWK8vBNYL0sJOgtBiU9qilNLJRwkiPzpBiA9sfR6NFCQ:1tGijb:mY0SjVbCxn4fsRjL6ic2DY1879b5L8zYAHQpEnlqx2w", "expire_date": "2024-12-05T17:55:23.677Z"}}, {"model": "sessions.session", "pk": "lku9343vz8vzzymmsqfo84ia5ofvp4jr", "fields": {"session_data": ".eJxVjDEOgzAMRe_iuYoAOyFh7M4ZkOOYQluBRGBC3L1FYmH9772_g_CyQrMfD-h4W4duy7p0Y4IGSgu3MbJ8dDpJevP0mo3M07qM0ZyKuWg27Zz0-7zc28HAefjXiCSa0HEKhbOk4glRakLrHcdSPYeAVYEaqXY9lX1RqyWRygdve4pw_ABAUTrU:1tG1aY:j27U8UCeIHJ_qBrPXHnicP64QMjFBHiKtIcVBsOnP5I", "expire_date": "2024-12-03T19:51:10.398Z"}}, {"model": "sessions.session", "pk": "mesq464lwkye7bntxtixwitqm449lsir", "fields": {"session_data": "eyJjYXJ0Ijp7fX0:1tEX8W:DyMr-uMeDZ0Mc-Vq5RtXx1gte0AuI54R1dRDImGwqIU", "expire_date": "2024-11-29T17:08:04.665Z"}}, {"model": "sessions.session", "pk": "mzxirfrwufjx1l8tlg111yhyb9iu8jn7", "fields": {"session_data": ".eJx1jDEOgzAQBP9yNUL2GYOhTJ83oLPvCE4iSMAUEeLvASkNRZotdmZ3hUBTgmYFVEe-FxpSTB9odAavKQaBBtBZBVsGGv8qJdYI2-60tKS-XWaZ2sg70HDqPIWHDAfgOw23MQ_jkKbo80PJf3TOryPL8_JzTwc9zf2xLmsTgq9FWExAJRqt1cr5TqGrOiossycxppACxeiKC1JYamanjWEL2xcx209D:1t4hCs:Us14iXhnOfUTNtzdTTpoETyC1-eYGd6Jp8FzSaGDUOg", "expire_date": "2024-11-02T13:51:54.422Z"}}, {"model": "sessions.session", "pk": "n4zh41pyux7eeia4y9eapbhlat886p4g", "fields": {"session_data": "eyJjYXJ0Ijp7fX0:1tEX2D:_s43Da9RpMrh-F_-PIJFZ8j3IXWcLuEYQfrahtM5WF8", "expire_date": "2024-11-29T17:01:33.728Z"}}, {"model": "sessions.session", "pk": "nk9tjm9sv518jlxegrgst8c0narxeg1o", "fields": {"session_data": "eyJjYXJ0Ijp7fX0:1tEWyC:W2EkT4-DqYTFG_HTE5PxJIRDKy9IT4cMwRAV8iPiODA", "expire_date": "2024-11-29T16:57:24.683Z"}}, {"model": "sessions.session", "pk": "nlv7nk7tgerdld1om8zjmff9nqdwftw0", "fields": {"session_data": ".eJxVjDkOwjAUBe_iGlk_xAumpOcMlv9iHEC2FCcV4u4QKQW0b2beS8W0LiWuXeY4sTqrQR1-N0z0kLoBvqd6a5paXeYJ9abonXZ9bSzPy-7-HZTUy7cmBs_BkRHKQSCfDLpAloLnTDgAeAmjzUf0gjBazwZDYkuWrUgGp94fDiI5Bw:1sUWkL:k7NRYIqfzbGVeYVtcW4CbGf626M41McYVSyt5RBaRgk", "expire_date": "2024-08-01T19:24:57.575Z"}}, {"model": "sessions.session", "pk": "o7hmhswuq2ibzvc3ejviflzsqqaius28", "fields": {"session_data": ".eJxVjEsOgzAMBe_idRUldkQwy-57BuQ4bqGtQOKzQty9RWLD9s3M20BlWqDZ9hu0si5du842tX2BBhguWxb92HCA8pbhNTodh2XqszsUd9LZPcZi3_vpXg46mbt_nbBiHwJWJMhUYzDPtaJpnTwjZcKArFoIfamyFQoxagyRkz1FKMH-A-mZOfY:1tEbI2:PoHboD3DWE0eADVhsRX4fKF-Y1Kc9r3dnkuPGRx4s20", "expire_date": "2024-11-29T21:34:10.666Z"}}, {"model": "sessions.session", "pk": "qt5ceug5pf2hcx7xujvos12ptrhd6ojg", "fields": {"session_data": "eyJjYXJ0Ijp7fX0:1t8jzJ:J2giFk4hi8cjr3k9QVnXo7ZQaT_tqUxp3H3aTO4xruM", "expire_date": "2024-11-13T17:38:37.215Z"}}, {"model": "sessions.session", "pk": "s66kl01jjaem7379dr3rklm3ewqlw8d9", "fields": {"session_data": "eyJjYXJ0Ijp7fX0:1tEWbC:rsfW7JO6JCHJ-5FPIfcqnpobs_awJ_QZM0FNNucXWDg", "expire_date": "2024-11-29T16:33:38.399Z"}}, {"model": "sessions.session", "pk": "som4fhxn4o2lv9v9blr95d5l73lz37fj", "fields": {"session_data": ".eJxVjDEOgzAQBP9yNbIwPhtDmT5vQOfzEUgik4ApIsTfEySaNFvszO4GTHOGdgONR75XSnnMH2irAl7zyAItaO29hn0voKM1D926yNyN8SAW_spA_JB0kHindJsUTynPY1CHok66qOsU5Xk53b-DgZbhtzYGWaJxFJvSWRT2aAzXaKx3FLR4ahpTlUYC1q5H3Ze1WGSufONtjwH2LzM6ROI:1tG1il:zwWVLT2zmCrjoXvgXex2sXVyDoi8U-Vbp3EEqX96XeE", "expire_date": "2024-12-03T19:59:39.324Z"}}, {"model": "sessions.session", "pk": "vvh9ygmgvy7aymeiet3biaccnovuwark", "fields": {"session_data": ".eJxVjEEOwiAQRe_C2hBgoKUu3fcMZGCmUjWQlHZlvLsh6UK3_7333yLgsedwNN7CSuIqtLj8bhHTk0sH9MByrzLVsm9rlF2RJ21yrsSv2-n-HWRsudfDBCnFiZkYklGsjXNa-bgo48cFrSOKyACWrWHQI1lUZtBEXgOQE58v_Dk4Gg:1slC3F:QwzDpnzP8xEo32eW54YUsQ791HdA28QyAZnSjiv49b0", "expire_date": "2024-09-16T18:45:21.471Z"}}, {"model": "sessions.session", "pk": "w2vzxjayv1979b061a6wj6yd8nc2expo", "fields": {"session_data": "eyJjYXJ0Ijp7fX0:1tEXB0:zA_FDYU3YuY7huDvHQ3874tLTGp2IJsZfYt2vl1oYrM", "expire_date": "2024-11-29T17:10:38.813Z"}}, {"model": "sessions.session", "pk": "wjbl2jxues5vce3s3twscja8p5xz0xzr", "fields": {"session_data": ".eJxVjEsOgzAMBe_idRUlsSMUlt33DMixQ0NbBYnPCnH3gsSG7ZuZt4HwtEC77Q_oeF1Kt8556gaFFryF25hYvrmeRD9c36ORsS7TkMypmIvO5jVq_j0v93ZQeC5HLU1i1OgikxASWxUXXFSMklNjmfqDZCTbI6kj74Nv0AavLgVGCbD_AVV5Ovw:1tGO94:1dnI6fnmNbTpQ3tUas1mfH5PEFApuaYfmrfQ1cpZ5m8", "expire_date": "2024-12-04T19:56:18.630Z"}}, {"model": "sessions.session", "pk": "wjpquubpy78637z7spst87m050nwdom4", "fields": {"session_data": ".eJx1zDsOgzAMgOG7eEYoiRNeY_eeATmxKbQVtBCGquLuJVIXBhYP_j_7C4HmCM0XUKX5XmmMQ_xAozN4zUMQaMA4C1sGaE5FaRLQeA4qVcO2m5bW2LfrInM78B40HHaewkPGFPhO423KwzTGefB5Ivm_Lvl1Ynle_vbwoKelT9dFjSH4WoQFg1GijXNaVb5Tpio7so7ZkyBasUZQl2xJmUIzVxqRHWw_D-JYtQ:1t0Q1y:3ysixwGNdcowYngXEJQFFStGNhMPKdNuB79K4lsTUco", "expire_date": "2024-10-21T18:42:58.130Z"}}, {"model": "sessions.session", "pk": "xei3o4sw8x902zuvht9rrh1tnpj12hsz", "fields": {"session_data": ".eJxVjEsOgzAMBe_idRUlsSMUlt33DMixQ0NbBYnPCnH3gsSG7ZuZt4HwtEC77Q_oeF1Kt8556gaFFryF25hYvrmeRD9c36ORsS7TkMypmIvO5jVq_j0v93ZQeC5HLU1i1OgikxASWxUXXFSMklNjmfqDZCTbI6kj74Nv0AavLgVGCbD_AVV5Ovw:1tGOE1:OKmVnshji-B7xx9rkAKCvQ8GjFNDwnoUedyDcdXtF_I", "expire_date": "2024-12-04T20:01:25.905Z"}}, {"model": "sessions.session", "pk": "yps2hyjp63f94a580ih8hk66eh41jk2b", "fields": {"session_data": "eyJjYXJ0Ijp7fX0:1tItzP:sagJPeeisj9ThunPV7sFItr6EH7L4vSYtKLaoKeHhKo", "expire_date": "2024-12-11T18:20:43.583Z"}}, {"model": "shop.category", "pk": 1, "fields": {"name": "Огнетушители", "slug": "ognetushitel"}}, {"model": "shop.category", "pk": 2, "fields": {"name": "Аксеcсуары для огнетушителей", "slug": "aksesuar_dlya-ognetushitelya"}}, {"model": "shop.productconstruction", "pk": 1, "fields": {"name": "Переносной", "slug": "perenosnoj"}}, {"model": "shop.productconstruction", "pk": 2, "fields": {"name": "Передвижной", "slug": "peredvizhnoj"}}, {"model": "shop.productconstruction", "pk": 3, "fields": {"name": "Не выбран", "slug": "ne-vybran"}}, {"model": "shop.productconstruction", "pk": 4, "fields": {"name": "Настенный", "slug": "nastennyj"}}, {"model": "shop.productconstruction", "pk": 5, "fields": {"name": "Напольный", "slug": "napolnyj"}}, {"model": "shop.productfireclass", "pk": 5, "fields": {"name": "А/В/С/Е", "slug": "abce"}}, {"model": "shop.productfireclass", "pk": 6, "fields": {"name": "В/С/Е", "slug": "bce"}}, {"model": "shop.productfireclass", "pk": 7, "fields": {"name": "Не выбран", "slug": "ne-vybran"}}, {"model": "shop.productusage", "pk": 1, "fields": {"name": "Для авто", "slug": "dlya-avto"}}, {"model": "shop.productusage", "pk": 2, "fields": {"name": "Для офиса", "slug": "dlya-ofisa"}}, {"model": "shop.productusage", "pk": 3, "fields": {"name": "Для техосмотра", "slug": "dlya-tehosmotra"}}, {"model": "shop.productusage", "pk": 4, "fields": {"name": "Для дома", "slug": "dlya-doma"}}, {"model": "shop.productusage", "pk": 5, "fields": {"name": "Для промышленных и гражданских объектов", "slug": "dlya-promyshlennyh-i-grazhdanskih-obektov"}}, {"model": "shop.productusage", "pk": 6, "fields": {"name": "Для электроустановок", "slug": "dlya-elektroustanovok"}}, {"model": "shop.productusage", "pk": 7, "fields": {"name": "ОП-4", "slug": "op-4"}}, {"model": "shop.productusage", "pk": 8, "fields": {"name": "ОП-5", "slug": "op-5"}}, {"model": "shop.productusage", "pk": 9, "fields": {"name": "ОП-6", "slug": "op-6"}}, {"model": "shop.productusage", "pk": 10, "fields": {"name": "ОП-8", "slug": "op-8"}}, {"model": "shop.productusage", "pk": 11, "fields": {"name": "ОП-10", "slug": "op-10"}}, {"model": "shop.productusage", "pk": 12, "fields": {"name": "ОУ-3", "slug": "ou-3"}}, {"model": "shop.productusage", "pk": 13, "fields": {"name": "ОУ-4", "slug": "ou-4"}}, {"model": "shop.productusage", "pk": 14, "fields": {"name": "ОУ-5", "slug": "ou-5"}}, {"model": "shop.productusage", "pk": 15, "fields": {"name": "Для огнетушителя весом до 10 кг", "slug": "dlya-ognetushitelya-vesom-do-10-kg"}}, {"model": "shop.productusage", "pk": 16, "fields": {"name": "ОВП-4", "slug": "ovp-4"}}, {"model": "shop.productusage", "pk": 17, "fields": {"name": "ОВЭ-4", "slug": "ove-4"}}, {"model": "shop.productusage", "pk": 18, "fields": {"name": "ОВЭ-5", "slug": "ove-5"}}, {"model": "shop.productusage", "pk": 19, "fields": {"name": "ОВП-8", "slug": "ovp-8"}}, {"model": "shop.productusage", "pk": 20, "fields": {"name": "ОВП-10", "slug": "ovp-10"}}, {"model": "shop.productusage", "pk": 21, "fields": {"name": "ОВЭ-6", "slug": "ove-6"}}, {"model": "shop.productusage", "pk": 22, "fields": {"name": "Для авто, для офиса, для техосмотра", "slug": "dlya-avto-dlya-ofisa-dlya-tehosmotra"}}, {"model": "shop.productusage", "pk": 23, "fields": {"name": "Для авто, для офиса, для дома, для техосмотра", "slug": "dlya-avto-dlya-ofisa-dlya-doma-dlya-tehosmotra"}}, {"model": "shop.productusage", "pk": 24, "fields": {"name": "Для офиса, для дома", "slug": "dlya-ofisa-dlya-doma"}}, {"model": "shop.productusage", "pk": 25, "fields": {"name": "Для авто. для дома, для офиса, для техосмотра, для электроустановок", "slug": "dlya-elektroustanovok-doma"}}, {"model": "shop.productusage", "pk": 26, "fields": {"name": "порошковых ОП-4, ОП-5, ОП-6; углекислотных ОУ-3, ОУ-4, ОУ-5; воздушно-пенного ОВП-4; воздушно-эмульсионных ОВЭ-4, ОВЭ-5;", "slug": "poroshkovyh-op-4-op-5-op-6-uglekislotnyh-ou-3-ou-4-ou-5-vozdushno-pennogo-ovp-4-vozdushno-emulsionny"}}, {"model": "shop.productusage", "pk": 27, "fields": {"name": "порошковых ОП-8, ОП-10; воздушно-пенных ОВП-8, ОВП-10; воздушно-эмульсионного ОВЭ-6;", "slug": "poroshkovyh-op-8-op-10-vozdushno-pennyh-ovp-8-ovp-10-vozdushno-emulsionnogo-ove-6"}}, {"model": "shop.productusage", "pk": 28, "fields": {"name": "для дома  для офиса  для электроустановок", "slug": "dlya-doma-dlya-ofisa-dlya-elektroustanovok"}}, {"model": "shop.productrangmodelhearth", "pk": 6, "fields": {"name": "0,7A, 21B", "slug": "07a-21b"}}, {"model": "shop.productrangmodelhearth", "pk": 7, "fields": {"name": "1A, 34B", "slug": "1a-34b"}}, {"model": "shop.productrangmodelhearth", "pk": 8, "fields": {"name": "2A, 55B", "slug": "2a-55b"}}, {"model": "shop.productrangmodelhearth", "pk": 9, "fields": {"name": "2A, 70B", "slug": "2a-70b"}}, {"model": "shop.productrangmodelhearth", "pk": 10, "fields": {"name": "3A, 89B", "slug": "3a-89b"}}, {"model": "shop.productrangmodelhearth", "pk": 11, "fields": {"name": "4A, 144B", "slug": "4a-144b"}}, {"model": "shop.productrangmodelhearth", "pk": 12, "fields": {"name": "6A, 233B", "slug": "6a-233b"}}, {"model": "shop.productrangmodelhearth", "pk": 13, "fields": {"name": "10A, 233B-2", "slug": "10a-233b-2"}}, {"model": "shop.productrangmodelhearth", "pk": 14, "fields": {"name": "13В", "slug": "13v"}}, {"model": "shop.productrangmodelhearth", "pk": 15, "fields": {"name": "21В", "slug": "21v"}}, {"model": "shop.productrangmodelhearth", "pk": 16, "fields": {"name": "34В", "slug": "34v"}}, {"model": "shop.productrangmodelhearth", "pk": 17, "fields": {"name": "55В", "slug": "55v"}}, {"model": "shop.productrangmodelhearth", "pk": 18, "fields": {"name": "70В", "slug": "70v"}}, {"model": "shop.productrangmodelhearth", "pk": 19, "fields": {"name": "89В", "slug": "89v"}}, {"model": "shop.productrangmodelhearth", "pk": 20, "fields": {"name": "144В", "slug": "144v"}}, {"model": "shop.productrangmodelhearth", "pk": 21, "fields": {"name": "Не выбран", "slug": "ne-vybran"}}, {"model": "shop.producttype", "pk": 1, "fields": {"name": "Порошковый", "slug": "ognetushitel-poroshkovyj-op"}}, {"model": "shop.producttype", "pk": 2, "fields": {"name": "Углекислотный", "slug": "ognetushitel-uglekislotnyj-ou"}}, {"model": "shop.producttype", "pk": 4, "fields": {"name": "Подставка", "slug": "podstavka-pod-ognetushitel"}}, {"model": "shop.producttype", "pk": 5, "fields": {"name": "Кронштейн", "slug": "kronshtejn-dlya-ognetushitelya"}}, {"model": "shop.product", "pk": 2, "fields": {"name": "ОП-2 АВСЕ", "product_code": 150001, "price": "410", "image": "product_img/op_2.jpg", "description": "Огнетушитель порошковый ОП-2(з) — переносной огнетушитель закачного типа с массой заряда огнетушащего вещества (ОТВ) 2 кг.\r\n\r\nБаллон огнетушителя закачного типа находится под давлением, уровень которого можно контролировать по манометру, встроенному в запорно-пусковое устройство (ЗПУ) огнетушителя\r\n\r\nМатериал корпуса: металл, Длина выброса ОТВ: 2 м, Время выхода ОТВ: 6 сек, Мах масса заряженного огнетушителя: 2,6 - 2,9 кг, Масса заряда: 1 кг, Температура эксплуатации: от -50°С до +50°С, Габаритные размеры: 340 х 110 мм\r\n\r\nДанная модель подходит для установки в автомобилях, так как устойчива к вибрациям. Срок службы - 10 лет.\r\nПерезарядка огнетушителя 1 раз в 5 лет\r\nГарантийный срок эксплуатации: 1 год", "created_at": "2024-07-21T18:57:06.473Z", "updated_at": "2024-09-07T13:26:41.312Z", "available": true, "slug": "op-2-avse", "category": 1, "construction": 1, "fire_class": 5, "usage": 22, "rang_model_hearth": 6, "product_type": 1}}, {"model": "shop.product", "pk": 3, "fields": {"name": "ОП-3 АВСЕ", "product_code": 150002, "price": "471", "image": "product_img/op_3.jpg", "description": "Огнетушитель порошковый ОП-3(з) — переносной огнетушитель закачного типа с массой заряда огнетушащего вещества (ОТВ) 3 кг.\r\n\r\nБаллон огнетушителя закачного типа находится под давлением, уровень которого можно контролировать по манометру, встроенному в запорно-пусковое устройство (ЗПУ) огнетушителя\r\n\r\nМатериал корпуса: металл, Длина выброса ОТВ: 2 м, Время выхода ОТВ: 8 сек, Мах масса заряженного огнетушителя: 3,9 - 4,2 кг, Масса заряда: 3 кг, Температура эксплуатации: от -50°С до +50°С, Габаритные размеры: 440 х 110 мм\r\n\r\nДанная модель подходит для установки в автомобилях, так как устойчива к вибрациям. \r\n\r\nВозможны модификации огнетушителя ОП-3(з)-AВСЕ в соответствии с классами пожара:\r\n\r\nА — пожары твердых горючих веществ и материалов;\r\nВ — пожары горючих жидкостей или плавящихся твердых веществ и материалов;\r\nС — пожары газов;\r\nЕ — пожары горючих веществ и материалов электроустановок, находящихся под напряжением.\r\n\r\nСрок службы - 10 лет.\r\nПерезарядка огнетушителя 1 раз в 5 лет.\r\nГарантийный срок 1 год.", "created_at": "2024-07-22T15:15:40.577Z", "updated_at": "2024-09-07T13:27:11.059Z", "available": true, "slug": "op-3-avse", "category": 1, "construction": 1, "fire_class": 5, "usage": 23, "rang_model_hearth": 7, "product_type": 1}}, {"model": "shop.product", "pk": 4, "fields": {"name": "ОП-4 АВСЕ", "product_code": 150003, "price": "593", "image": "product_img/op_4.jpg", "description": "Огнетушитель порошковый ОП-4(з) — переносной огнетушитель закачного типа с массой заряда огнетушащего вещества (ОТВ) 4 кг.\r\n\r\nБаллон огнетушителя закачного типа находится под давлением, уровень которого можно контролировать по манометру, встроенному в запорно-пусковое устройство (ЗПУ) огнетушителя\r\n\r\nМатериал корпуса: металл,  Длина выброса ОТВ: 3 м, Время выхода ОТВ: 10 сек, Мах масса заряженного огнетушителя: 5,2 - 5,6 кг, Масса заряда: 4 кг, Температура эксплуатации: от -50°С до +50°С, Габаритные размеры: 430 х 133 мм\r\n\r\nОгнетушитель ОП являются наиболее распространенными в применении на транспорте, предприятиях и в быту.\r\n\r\nВозможны модификации огнетушителя ОП-4(з)-AВСЕ в соответствии с классами пожара:\r\n\r\nА — пожары твердых горючих веществ и материалов;\r\nВ — пожары горючих жидкостей или плавящихся твердых веществ и материалов;\r\nС — пожары газов;\r\nЕ — пожары горючих веществ и материалов электроустановок, находящихся под напряжением.\r\n\r\nСрок службы - 10 лет.\r\nПерезарядка огнетушителя 1 раз в 5 лет.\r\nГарантийный срок 1 год.", "created_at": "2024-07-22T15:26:56.630Z", "updated_at": "2024-09-07T13:27:35.818Z", "available": true, "slug": "op-4-avse", "category": 1, "construction": 1, "fire_class": 5, "usage": 23, "rang_model_hearth": 8, "product_type": 1}}, {"model": "shop.product", "pk": 5, "fields": {"name": "ОП-5 АВСЕ", "product_code": 150004, "price": "657", "image": "product_img/op_5.jpg", "description": "Огнетушитель порошковый ОП-5(з) — переносной огнетушитель закачного типа с массой заряда огнетушащего вещества (ОТВ) 5 кг.\r\n\r\nБаллон огнетушителя закачного типа находится под давлением, уровень которого можно контролировать по манометру, встроенному в запорно-пусковое устройство (ЗПУ) огнетушителя\r\n\r\nМатериал корпуса: металл,  Длина выброса ОТВ: 3 м, Время выхода ОТВ: 10 сек, Мах масса заряженного огнетушителя: 6,4 - 6,9 кг, Масса заряда: 5 кг, Температура эксплуатации: от -50°С до +50°С, Габаритные размеры: 520 х 133 / 400 х 160 мм\r\n\r\nОгнетушитель порошковый ОП-5 предназначен для защиты промышленных и гражданских объектов в качестве первичного средства тушения возгораний.\r\n\r\nВозможны модификации огнетушителя ОП-5(з)-AВСЕ-ВСЕ в соответствии с классами пожара:\r\n\r\nА — пожары твердых горючих веществ и материалов;\r\nВ — пожары горючих жидкостей или плавящихся твердых веществ и материалов;\r\nС — пожары газов;\r\nЕ — пожары горючих веществ и материалов электроустановок, находящихся под напряжением.\r\n\r\nСрок службы - 10 лет.\r\nПерезарядка огнетушителя 1 раз в 5 лет.\r\nГарантийный срок 1 год.", "created_at": "2024-07-22T15:31:05.145Z", "updated_at": "2024-09-07T13:27:46.537Z", "available": true, "slug": "op-5-avse", "category": 1, "construction": 1, "fire_class": 5, "usage": 23, "rang_model_hearth": 9, "product_type": 1}}, {"model": "shop.product", "pk": 6, "fields": {"name": "ОП-6 АВСЕ", "product_code": 150005, "price": "763", "image": "product_img/op_6.jpg", "description": "Огнетушитель порошковый ОП-6(з) — переносной огнетушитель закачного типа с массой заряда огнетушащего вещества (ОТВ) 6 кг.\r\n\r\nБаллон огнетушителя закачного типа находится под давлением, уровень которого можно контролировать по манометру, встроенному в запорно-пусковое устройство (ЗПУ) огнетушителя\r\n\r\nМатериал корпуса: металл,  Длина выброса ОТВ: 3 м, Время выхода ОТВ: 12 сек, Мах масса заряженного огнетушителя: 7,7 - 8,3 кг, Масса заряда: 6 кг, Температура эксплуатации: от -50°С до +50°С, Габаритные размеры: 450 х 160 мм\r\n\r\nОгнетушитель порошковый ОП-6 предназначен для защиты промышленных и гражданских объектов в качестве первичного средства тушения возгораний.\r\n\r\nВозможны модификации огнетушителя ОП-6(з)-AВСЕ в соответствии с классами пожара:\r\n\r\nА — пожары твердых горючих веществ и материалов;\r\nВ — пожары горючих жидкостей или плавящихся твердых веществ и материалов;\r\nС — пожары газов;\r\nЕ — пожары горючих веществ и материалов электроустановок, находящихся под напряжением.\r\n\r\nСрок службы - 10 лет.\r\nПерезарядка огнетушителя 1 раз в 5 лет.\r\nГарантийный срок 1 год.", "created_at": "2024-07-22T15:39:12.661Z", "updated_at": "2024-09-07T13:28:06.616Z", "available": true, "slug": "op-6-avse", "category": 1, "construction": 1, "fire_class": 5, "usage": 24, "rang_model_hearth": 10, "product_type": 1}}, {"model": "shop.product", "pk": 7, "fields": {"name": "ОП-8 АВСЕ", "product_code": 150006, "price": "848", "image": "product_img/op_8.jpg", "description": "Огнетушитель порошковый ОП-8(з) — переносной огнетушитель закачного типа с массой заряда огнетушащего вещества (ОТВ) 8 кг.\r\n\r\nБаллон огнетушителя закачного типа находится под давлением, уровень которого можно контролировать по манометру, встроенному в запорно-пусковое устройство (ЗПУ) огнетушителя\r\n\r\nМатериал корпуса: металл,  Длина выброса ОТВ: 4 м, Время выхода ОТВ: 15 сек, Мах масса заряженного огнетушителя: 10,0 - 10,8 кг, Масса заряда: 8 кг, Температура эксплуатации: от -50°С до +50°С, Габаритные размеры: 545 х 160 мм\r\n\r\nОгнетушитель порошковый ОП-8 предназначен для защиты промышленных и гражданских объектов в качестве первичного средства тушения возгораний.\r\n\r\nВозможны модификации огнетушителя ОП-8(з)-AВСЕ в соответствии с классами пожара:\r\n\r\nА — пожары твердых горючих веществ и материалов;\r\nВ — пожары горючих жидкостей или плавящихся твердых веществ и материалов;\r\nС — пожары газов;\r\nЕ — пожары горючих веществ и материалов электроустановок, находящихся под напряжением.\r\n\r\nСрок службы - 10 лет.\r\nПерезарядка огнетушителя 1 раз в 5 лет.\r\nГарантийный срок 1 год.", "created_at": "2024-07-22T15:46:28.918Z", "updated_at": "2024-09-07T13:28:39.685Z", "available": true, "slug": "op-8-avse", "category": 1, "construction": 1, "fire_class": 5, "usage": 22, "rang_model_hearth": 11, "product_type": 1}}, {"model": "shop.product", "pk": 8, "fields": {"name": "ОП-9 АВСЕ", "product_code": 150007, "price": "1097", "image": "product_img/op_9.jpg", "description": "Огнетушитель порошковый ОП-9(з) — переносной огнетушитель закачного типа с массой заряда огнетушащего вещества (ОТВ) 9 кг.\r\n\r\nБаллон огнетушителя закачного типа находится под давлением, уровень которого можно контролировать по манометру, встроенному в запорно-пусковое устройство (ЗПУ) огнетушителя\r\n\r\nМатериал корпуса: металл,  Длина выброса ОТВ: 4 м, Время выхода ОТВ: 15 сек, Мах масса заряженного огнетушителя: 11,9 - 12,8 кг, Масса заряда: 9 кг, Температура эксплуатации: от -50°С до +50°С, Габаритные размеры: 595 х 160 мм\r\n\r\nОгнетушитель порошковый ОП-9 предназначен для защиты промышленных и гражданских объектов в качестве первичного средства тушения возгораний.\r\n\r\nВозможны модификации огнетушителя ОП-9(з)-AВСЕ в соответствии с классами пожара:\r\n\r\nА — пожары твердых горючих веществ и материалов;\r\nВ — пожары горючих жидкостей или плавящихся твердых веществ и материалов;\r\nС — пожары газов;\r\nЕ — пожары горючих веществ и материалов электроустановок, находящихся под напряжением.\r\n\r\nСрок службы - 10 лет.\r\nПерезарядка огнетушителя 1 раз в 5 лет.\r\nГарантийный срок 1 год.", "created_at": "2024-07-22T16:00:22.359Z", "updated_at": "2024-09-07T13:28:51.320Z", "available": true, "slug": "op-9-avse", "category": 1, "construction": 1, "fire_class": 5, "usage": 2, "rang_model_hearth": 11, "product_type": 1}}, {"model": "shop.product", "pk": 9, "fields": {"name": "ОП-10 АВСЕ", "product_code": 150008, "price": "1068", "image": "product_img/op_10.jpg", "description": "Огнетушитель порошковый ОП-10(з) — переносной огнетушитель закачного типа с массой заряда огнетушащего вещества (ОТВ) 10 кг.\r\n\r\nБаллон огнетушителя закачного типа находится под давлением, уровень которого можно контролировать по манометру, встроенному в запорно-пусковое устройство (ЗПУ) огнетушителя\r\n\r\nМатериал корпуса: металл,  Длина выброса ОТВ: 4 м, Время выхода ОТВ: 15 сек, Мах масса заряженного огнетушителя: 12,5 - 13,5 кг, Масса заряда: 10 кг, Температура эксплуатации: от -50°С до +50°С, Габаритные размеры: 640 х 160 мм\r\n\r\nОгнетушитель порошковый ОП-10 предназначен для защиты промышленных и гражданских объектов в качестве первичного средства тушения возгораний.\r\n\r\nВозможны модификации огнетушителя ОП-10(з)-AВСЕ в соответствии с классами пожара:\r\n\r\nА — пожары твердых горючих веществ и материалов;\r\nВ — пожары горючих жидкостей или плавящихся твердых веществ и материалов;\r\nС — пожары газов;\r\nЕ — пожары горючих веществ и материалов электроустановок, находящихся под напряжением.\r\n\r\nСрок службы - 10 лет.\r\nПерезарядка огнетушителя 1 раз в 5 лет.\r\nГарантийный срок 1 год.", "created_at": "2024-07-22T16:03:54.399Z", "updated_at": "2024-09-07T13:25:27.917Z", "available": true, "slug": "op-10-avse", "category": 1, "construction": 1, "fire_class": 5, "usage": 24, "rang_model_hearth": 11, "product_type": 1}}, {"model": "shop.product", "pk": 10, "fields": {"name": "ОП-25 АВСЕ", "product_code": 150009, "price": "3859", "image": "product_img/op_25.jpg", "description": "Огнетушитель порошковый ОП-25(з) — передвижной огнетушитель закачного типа с массой заряда огнетушащего вещества (ОТВ) 25 кг.\r\n\r\nБаллон огнетушителя закачного типа находится под давлением, уровень которого можно контролировать по манометру, встроенному в запорно-пусковое устройство (ЗПУ) огнетушителя\r\n\r\nМатериал корпуса: металл,  Длина выброса ОТВ: 6 м, Время выхода ОТВ: 20 сек, Мах масса заряженного огнетушителя: 33,33 - 35,83 кг, Масса заряда: 25 кг, Температура эксплуатации: от -50°С до +50°С, Габаритные размеры: 700 х 380 мм\r\n\r\nОгнетушитель порошковый ОП-25 предназначен для защиты промышленных и гражданских объектов в качестве первичного средства тушения возгораний.\r\n\r\nВозможны модификации огнетушителя ОП-25(з)-AВСЕ в соответствии с классами пожара:\r\n\r\nА — пожары твердых горючих веществ и материалов;\r\nВ — пожары горючих жидкостей или плавящихся твердых веществ и материалов;\r\nС — пожары газов;\r\nЕ — пожары горючих веществ и материалов электроустановок, находящихся под напряжением.\r\n\r\nСрок службы - 10 лет.\r\nПерезарядка огнетушителя 1 раз в 5 лет.\r\nГарантийный срок 1 год.", "created_at": "2024-07-22T16:10:38.040Z", "updated_at": "2024-09-07T13:26:56.161Z", "available": true, "slug": "op-25-avse", "category": 1, "construction": 2, "fire_class": 5, "usage": 5, "rang_model_hearth": 12, "product_type": 1}}, {"model": "shop.product", "pk": 11, "fields": {"name": "ОП-35 АВСЕ", "product_code": 150010, "price": "4425", "image": "product_img/op_35.jpg", "description": "Огнетушитель порошковый ОП-35(з) — передвижной огнетушитель закачного типа с массой заряда огнетушащего вещества (ОТВ) 35 кг.\r\n\r\nБаллон огнетушителя закачного типа находится под давлением, уровень которого можно контролировать по манометру, встроенному в запорно-пусковое устройство (ЗПУ) огнетушителя\r\n\r\nМатериал корпуса: металл,  Длина выброса ОТВ: 6 м, Время выхода ОТВ: 20 сек, Мах масса заряженного огнетушителя: 44,24 - 47,74 кг, Масса заряда: 35 кг, Температура эксплуатации: от -50°С до +50°С, Габаритные размеры: 680 х 380 мм\r\n\r\nОгнетушитель порошковый ОП-35 предназначен для защиты промышленных и гражданских объектов в качестве первичного средства тушения возгораний.\r\n\r\nВозможны модификации огнетушителя ОП-35(з)-AВСЕ в соответствии с классами пожара:\r\n\r\nА — пожары твердых горючих веществ и материалов;\r\nВ — пожары горючих жидкостей или плавящихся твердых веществ и материалов;\r\nС — пожары газов;\r\nЕ — пожары горючих веществ и материалов электроустановок, находящихся под напряжением.\r\n\r\nСрок службы - 10 лет.\r\nПерезарядка огнетушителя 1 раз в 5 лет.\r\nГарантийный срок 1 год.", "created_at": "2024-07-22T16:13:01.337Z", "updated_at": "2024-09-07T13:27:26.301Z", "available": true, "slug": "op-35-avse", "category": 1, "construction": 2, "fire_class": 5, "usage": 5, "rang_model_hearth": 12, "product_type": 1}}, {"model": "shop.product", "pk": 12, "fields": {"name": "ОП-50 АВСЕ", "product_code": 150011, "price": "6292", "image": "product_img/op_50.jpg", "description": "Огнетушитель порошковый ОП-50(з) — передвижной огнетушитель закачного типа с массой заряда огнетушащего вещества (ОТВ) 50 кг.\r\n\r\nБаллон огнетушителя закачного типа находится под давлением, уровень которого можно контролировать по манометру, встроенному в запорно-пусковое устройство (ЗПУ) огнетушителя\r\n\r\nМатериал корпуса: металл,  Длина выброса ОТВ: 6 м, Время выхода ОТВ: 20 сек, Мах масса заряженного огнетушителя: 63,25 - 68,25 кг, Масса заряда: 50 кг, Температура эксплуатации: от -50°С до +50°С, Габаритные размеры: 950 х 440 мм\r\n\r\nОгнетушитель порошковый ОП-50 предназначен для защиты промышленных и гражданских объектов в качестве первичного средства тушения возгораний.\r\n\r\nВозможны модификации огнетушителя ОП-50(з)-AВСЕ в соответствии с классами пожара:\r\n\r\nА — пожары твердых горючих веществ и материалов;\r\nВ — пожары горючих жидкостей или плавящихся твердых веществ и материалов;\r\nС — пожары газов;\r\nЕ — пожары горючих веществ и материалов электроустановок, находящихся под напряжением.\r\n\r\nСрок службы - 10 лет.\r\nПерезарядка огнетушителя 1 раз в 5 лет.\r\nГарантийный срок 1 год.", "created_at": "2024-07-22T16:15:44.113Z", "updated_at": "2024-09-07T13:27:57.419Z", "available": true, "slug": "op-50-avse", "category": 1, "construction": 2, "fire_class": 5, "usage": 5, "rang_model_hearth": 12, "product_type": 1}}, {"model": "shop.product", "pk": 13, "fields": {"name": "ОП-70 АВСЕ", "product_code": 150012, "price": "7809", "image": "product_img/op_70.png", "description": "Огнетушитель порошковый ОП-70(з) — передвижной огнетушитель закачного типа с массой заряда огнетушащего вещества (ОТВ) 70 кг.\r\n\r\nБаллон огнетушителя закачного типа находится под давлением, уровень которого можно контролировать по манометру, встроенному в запорно-пусковое устройство (ЗПУ) огнетушителя\r\n\r\nМатериал корпуса: металл,  Длина выброса ОТВ: 6 м, Время выхода ОТВ: 30 сек, Мах масса заряженного огнетушителя: 86,76 - 93,76 кг, Масса заряда: 70 кг, Температура эксплуатации: от -50°С до +50°С, Габаритные размеры: 1200 х 440 мм\r\n\r\nОгнетушитель порошковый ОП-70 предназначен для защиты промышленных и гражданских объектов в качестве первичного средства тушения возгораний.\r\n\r\nВозможны модификации огнетушителя ОП-70(з)-AВСЕ в соответствии с классами пожара:\r\n\r\nА — пожары твердых горючих веществ и материалов;\r\nВ — пожары горючих жидкостей или плавящихся твердых веществ и материалов;\r\nС — пожары газов;\r\nЕ — пожары горючих веществ и материалов электроустановок, находящихся под напряжением.\r\n\r\nСрок службы - 10 лет.\r\nПерезарядка огнетушителя 1 раз в 5 лет.\r\nГарантийный срок 1 год.", "created_at": "2024-07-22T16:18:03.183Z", "updated_at": "2024-09-07T13:28:24.416Z", "available": true, "slug": "op-70-avse", "category": 1, "construction": 2, "fire_class": 5, "usage": 5, "rang_model_hearth": 13, "product_type": 1}}, {"model": "shop.product", "pk": 14, "fields": {"name": "ОП-100 АВСЕ", "product_code": 150013, "price": "11881", "image": "product_img/op_100.jpeg", "description": "Огнетушитель порошковый ОП-100(з) — передвижной огнетушитель закачного типа с массой заряда огнетушащего вещества (ОТВ) 100 кг.\r\n\r\nБаллон огнетушителя закачного типа находится под давлением, уровень которого можно контролировать по манометру, встроенному в запорно-пусковое устройство (ЗПУ) огнетушителя\r\n\r\nМатериал корпуса: металл,  Длина выброса ОТВ: 6 м, Время выхода ОТВ: 30 сек, Мах масса заряженного огнетушителя: 126,09 - 136,09 кг, Масса заряда: 100 кг, Температура эксплуатации: от -50°С до +50°С, Габаритные размеры: 1150 х 480 мм\r\n\r\nОгнетушитель порошковый ОП-100 предназначен для защиты промышленных и гражданских объектов в качестве первичного средства тушения возгораний.\r\n\r\nВозможны модификации огнетушителя ОП-100(з)-AВСЕ в соответствии с классами пожара:\r\n\r\nА — пожары твердых горючих веществ и материалов;\r\nВ — пожары горючих жидкостей или плавящихся твердых веществ и материалов;\r\nС — пожары газов;\r\nЕ — пожары горючих веществ и материалов электроустановок, находящихся под напряжением.\r\n\r\nСрок службы - 10 лет.\r\nПерезарядка огнетушителя 1 раз в 5 лет.\r\nГарантийный срок 1 год.", "created_at": "2024-07-22T16:20:49.529Z", "updated_at": "2024-09-07T13:26:31.784Z", "available": true, "slug": "op-100-avse", "category": 1, "construction": 2, "fire_class": 5, "usage": 5, "rang_model_hearth": 13, "product_type": 1}}, {"model": "shop.product", "pk": 15, "fields": {"name": "ОУ-1 BCE", "product_code": 150014, "price": "1179", "image": "product_img/ou_1.jpg", "description": "Огнетушитель ОУ-1 — переносной углекислотный огнетушитель с массой заряда огнетушащего вещества (ОТВ) 1 кг.\r\n\r\nБаллон огнетушителя наполнен двуокисью углерода и находится под давлением.\r\nУглекислотный огнетушитель ОУ-1 предназначен для защиты промышленных и гражданских объектов в качестве первичного средства тушения возгораний.\r\n\r\nМатериал корпуса: металл,  Длина выброса ОТВ: 2 м, Время выхода ОТВ: 6 сек, Мах масса заряженного огнетушителя: 4,5 кг, Масса заряда: 1 кг, Температура эксплуатации: от -40°С до 50°С, Габаритные размеры: 400 х 90 мм\r\n\r\nОгнетушитель порошковый ОУ-1 предназначен для защиты промышленных и гражданских объектов в качестве первичного средства тушения возгораний.\r\n\r\nУглекислотный огнетушитель ОУ-1 ВСЕ применяется для тушения в соответствии с классами пожара:\r\n\r\nВ — пожары горючих жидкостей или плавящихся твердых веществ и материалов;\r\nС — пожары газов;\r\nЕ — пожары горючих веществ и материалов электроустановок, находящихся под напряжением.\r\nУглекислотные огнетушители ОУ-1 НЕ ПРЕДНАЗНАЧЕНЫ для тушения возгораний, соответствующих классу пожара А — пожары твердых горючих веществ и материалов.\r\n\r\nСрок службы - 10 лет.\r\nОгнетушитель необходимо перезаряжать после использования, либо по истечении срока 5 лет.\r\nГарантийный срок 1 год.", "created_at": "2024-07-22T16:25:38.020Z", "updated_at": "2024-09-07T13:29:04.073Z", "available": true, "slug": "ou-1-bce", "category": 1, "construction": 1, "fire_class": 6, "usage": 25, "rang_model_hearth": 14, "product_type": 2}}, {"model": "shop.product", "pk": 16, "fields": {"name": "ОУ-2 BCE", "product_code": 150015, "price": "1199", "image": "product_img/ou_2.jpg", "description": "Огнетушитель ОУ-2 — переносной углекислотный огнетушитель с массой заряда огнетушащего вещества (ОТВ) 2 кг.\r\n\r\nБаллон огнетушителя наполнен двуокисью углерода и находится под давлением.\r\nУглекислотный огнетушитель ОУ-2 предназначен для защиты промышленных и гражданских объектов в качестве первичного средства тушения возгораний.\r\n\r\nМатериал корпуса: металл,  Длина выброса ОТВ: 2 м, Время выхода ОТВ: 6 сек, Мах масса заряженного огнетушителя: 7,5 кг, Масса заряда: 2 кг, Температура эксплуатации: от -40°С до 50°С, Габаритные размеры: 440 х 114 мм\r\n\r\nОгнетушитель порошковый ОУ-2 предназначен для защиты промышленных и гражданских объектов в качестве первичного средства тушения возгораний.\r\n\r\nУглекислотный огнетушитель ОУ-2 ВСЕ применяется для тушения в соответствии с классами пожара:\r\n\r\nВ — пожары горючих жидкостей или плавящихся твердых веществ и материалов;\r\nС — пожары газов;\r\nЕ — пожары горючих веществ и материалов электроустановок, находящихся под напряжением.\r\nУглекислотные огнетушители ОУ-1 НЕ ПРЕДНАЗНАЧЕНЫ для тушения возгораний, соответствующих классу пожара А — пожары твердых горючих веществ и материалов.\r\n\r\nСрок службы - 10 лет.\r\nОгнетушитель необходимо перезаряжать после использования, либо по истечении срока 5 лет.\r\nГарантийный срок 1 год.", "created_at": "2024-07-22T17:28:46.083Z", "updated_at": "2024-09-07T13:30:58.592Z", "available": true, "slug": "ou-2-bce", "category": 1, "construction": 1, "fire_class": 6, "usage": 25, "rang_model_hearth": 15, "product_type": 2}}, {"model": "shop.product", "pk": 17, "fields": {"name": "ОУ-3 BCE", "product_code": 150016, "price": "1516", "image": "product_img/ou_3.jpg", "description": "Огнетушитель ОУ-3 — переносной углекислотный огнетушитель с массой заряда огнетушащего вещества (ОТВ) 3 кг.\r\n\r\nБаллон огнетушителя наполнен двуокисью углерода и находится под давлением.\r\nУглекислотный огнетушитель ОУ-3 предназначен для защиты промышленных и гражданских объектов в качестве первичного средства тушения возгораний.\r\n\r\nМатериал корпуса: металл,  Длина выброса ОТВ: 3 м, Время выхода ОТВ: 8 сек, Мах масса заряженного огнетушителя: 10,5 кг, Масса заряда: 3 кг, Температура эксплуатации: от -40°С до 50°С, Габаритные размеры: 600 х 114 мм\r\nОгнетушитель порошковый ОУ-3 предназначен для защиты промышленных и гражданских объектов в качестве первичного средства тушения возгораний.\r\n\r\nУглекислотный огнетушитель ОУ-3 ВСЕ применяется для тушения в соответствии с классами пожара:\r\n•\tВ — пожары горючих жидкостей или плавящихся твердых веществ и материалов;\r\n•\tС — пожары газов;\r\n•\tЕ — пожары горючих веществ и материалов электроустановок, находящихся под напряжением.\r\n\r\nУглекислотные огнетушители ОУ-3 НЕ ПРЕДНАЗНАЧЕНЫ для тушения возгораний, соответствующих классу пожара А — пожары твердых горючих веществ и материалов.\r\n\r\nСрок службы - 10 лет.\r\nОгнетушитель необходимо перезаряжать после использования, либо по истечении срока 5 лет.\r\nГарантийный срок 1 год.", "created_at": "2024-07-22T17:33:58.933Z", "updated_at": "2024-09-07T13:32:38.142Z", "available": true, "slug": "ou-3-bce", "category": 1, "construction": 1, "fire_class": 6, "usage": 25, "rang_model_hearth": 16, "product_type": 2}}, {"model": "shop.product", "pk": 18, "fields": {"name": "ОУ-4 BCE", "product_code": 150017, "price": "2446", "image": "product_img/ou_4.jpg", "description": "Огнетушитель ОУ-4 — переносной углекислотный огнетушитель с массой заряда огнетушащего вещества (ОТВ) 4 кг.\r\n\r\nБаллон огнетушителя наполнен двуокисью углерода и находится под давлением.\r\nУглекислотный огнетушитель ОУ-4 предназначен для защиты промышленных и гражданских объектов в качестве первичного средства тушения возгораний.\r\n\r\nМатериал корпуса: металл,  Длина выброса ОТВ: 3 м, Время выхода ОТВ: 8 сек, Мах масса заряженного огнетушителя: 13,6 кг, Масса заряда: 4 кг, Температура эксплуатации: от -40°С до 50°С, Габаритные размеры: 600 х 135 мм\r\n\r\nОгнетушитель порошковый ОУ-4 предназначен для защиты промышленных и гражданских объектов в качестве первичного средства тушения возгораний.\r\n\r\nУглекислотный огнетушитель ОУ-4 ВСЕ применяется для тушения в соответствии с классами пожара:\r\n•\tВ — пожары горючих жидкостей или плавящихся твердых веществ и материалов;\r\n•\tС — пожары газов;\r\n•\tЕ — пожары горючих веществ и материалов электроустановок, находящихся под напряжением.\r\n\r\nУглекислотные огнетушители ОУ-4 НЕ ПРЕДНАЗНАЧЕНЫ для тушения возгораний, соответствующих классу пожара А — пожары твердых горючих веществ и материалов.\r\n\r\nСрок службы - 10 лет.\r\nОгнетушитель необходимо перезаряжать после использования, либо по истечении срока 5 лет.\r\nГарантийный срок 1 год.", "created_at": "2024-07-22T17:46:50.710Z", "updated_at": "2024-09-07T13:32:52.992Z", "available": true, "slug": "ou-4-bce", "category": 1, "construction": 1, "fire_class": 6, "usage": 28, "rang_model_hearth": 16, "product_type": 2}}, {"model": "shop.product", "pk": 19, "fields": {"name": "ОУ-5 BCE", "product_code": 150018, "price": "2292", "image": "product_img/ou_5.jpg", "description": "Огнетушитель ОУ-5 — переносной углекислотный огнетушитель с массой заряда огнетушащего вещества (ОТВ) 5 кг.\r\n\r\nБаллон огнетушителя наполнен двуокисью углерода и находится под давлением.\r\nУглекислотный огнетушитель ОУ-5 предназначен для защиты промышленных и гражданских объектов в качестве первичного средства тушения возгораний.\r\n\r\nМатериал корпуса: металл,  Длина выброса ОТВ: 3 м, Время выхода ОТВ: 8 сек, Мах масса заряженного огнетушителя: 16 кг, Масса заряда: 5 кг, Температура эксплуатации: от -40°С до 50°С, Габаритные размеры: 700 х 135 мм\r\n\r\nОгнетушитель порошковый ОУ-5 предназначен для защиты промышленных и гражданских объектов в качестве первичного средства тушения возгораний.\r\n\r\nУглекислотный огнетушитель ОУ-5 ВСЕ применяется для тушения в соответствии с классами пожара:\r\n•\tВ — пожары горючих жидкостей или плавящихся твердых веществ и материалов;\r\n•\tС — пожары газов;\r\n•\tЕ — пожары горючих веществ и материалов электроустановок, находящихся под напряжением.\r\n\r\nУглекислотные огнетушители ОУ-5 НЕ ПРЕДНАЗНАЧЕНЫ для тушения возгораний, соответствующих классу пожара А — пожары твердых горючих веществ и материалов.\r\n\r\nСрок службы - 10 лет.\r\nОгнетушитель необходимо перезаряжать после использования, либо по истечении срока 5 лет.\r\nГарантийный срок 1 год.", "created_at": "2024-07-22T17:58:31.056Z", "updated_at": "2024-09-07T13:33:15.432Z", "available": true, "slug": "ou-5-bce", "category": 1, "construction": 1, "fire_class": 6, "usage": 28, "rang_model_hearth": 17, "product_type": 2}}, {"model": "shop.product", "pk": 20, "fields": {"name": "ОУ-6 BCE", "product_code": 150019, "price": "2850", "image": "product_img/ou_6.jpeg", "description": "Огнетушитель ОУ-6 — переносной углекислотный огнетушитель с массой заряда огнетушащего вещества (ОТВ) 6 кг.\r\n\r\nБаллон огнетушителя наполнен двуокисью углерода и находится под давлением.\r\nУглекислотный огнетушитель ОУ-6 предназначен для защиты промышленных и гражданских объектов в качестве первичного средства тушения возгораний.\r\n\r\nМатериал корпуса: металл,  Длина выброса ОТВ: 3 м, Время выхода ОТВ: 10 сек, Мах масса заряженного огнетушителя: 18 кг, Масса заряда: 6 кг, Температура эксплуатации: от -40°С до 50°С, Габаритные размеры: 790 х 135 мм\r\n\r\nОгнетушитель порошковый ОУ-6 предназначен для защиты промышленных и гражданских объектов в качестве первичного средства тушения возгораний.\r\n\r\nУглекислотный огнетушитель ОУ-6 ВСЕ применяется для тушения в соответствии с классами пожара:\r\n•\tВ — пожары горючих жидкостей или плавящихся твердых веществ и материалов;\r\n•\tС — пожары газов;\r\n•\tЕ — пожары горючих веществ и материалов электроустановок, находящихся под напряжением.\r\n\r\nУглекислотные огнетушители ОУ-6 НЕ ПРЕДНАЗНАЧЕНЫ для тушения возгораний, соответствующих классу пожара А — пожары твердых горючих веществ и материалов.\r\n\r\nСрок службы - 10 лет.\r\nОгнетушитель необходимо перезаряжать после использования, либо по истечении срока 5 лет.\r\nГарантийный срок 1 год.", "created_at": "2024-07-22T18:02:08.688Z", "updated_at": "2024-09-07T13:33:53.898Z", "available": true, "slug": "ou-6-bce", "category": 1, "construction": 1, "fire_class": 6, "usage": 6, "rang_model_hearth": 18, "product_type": 2}}, {"model": "shop.product", "pk": 21, "fields": {"name": "ОУ-7 BCE", "product_code": 150020, "price": "2956", "image": "product_img/ou_7.jpeg", "description": "Огнетушитель ОУ-7 — переносной углекислотный огнетушитель с массой заряда огнетушащего вещества (ОТВ) 7 кг.\r\n\r\nБаллон огнетушителя наполнен двуокисью углерода и находится под давлением.\r\nУглекислотный огнетушитель ОУ-7 предназначен для защиты промышленных и гражданских объектов в качестве первичного средства тушения возгораний.\r\n\r\nМатериал корпуса: металл,  Длина выброса ОТВ: 4 м, Время выхода ОТВ: 15 сек, Мах масса заряженного огнетушителя: 20 кг, Масса заряда: 7 кг, Температура эксплуатации: от -40°С до 50°С, Габаритные размеры: 900 х 135 мм\r\n\r\nОгнетушитель порошковый ОУ-7 предназначен для защиты промышленных и гражданских объектов в качестве первичного средства тушения возгораний.\r\n\r\nУглекислотный огнетушитель ОУ-7 ВСЕ применяется для тушения в соответствии с классами пожара:\r\n•\tВ — пожары горючих жидкостей или плавящихся твердых веществ и материалов;\r\n•\tС — пожары газов;\r\n•\tЕ — пожары горючих веществ и материалов электроустановок, находящихся под напряжением.\r\n\r\nУглекислотные огнетушители ОУ-7 НЕ ПРЕДНАЗНАЧЕНЫ для тушения возгораний, соответствующих классу пожара А — пожары твердых горючих веществ и материалов.\r\n\r\nСрок службы - 10 лет.\r\nОгнетушитель необходимо перезаряжать после использования, либо по истечении срока 5 лет.\r\nГарантийный срок 1 год.", "created_at": "2024-07-22T18:05:24.767Z", "updated_at": "2024-09-07T13:34:04.306Z", "available": true, "slug": "ou-7-bce", "category": 1, "construction": 1, "fire_class": 6, "usage": 6, "rang_model_hearth": 18, "product_type": 2}}, {"model": "shop.product", "pk": 22, "fields": {"name": "ОУ-8 BCE", "product_code": 150021, "price": "5149", "image": "product_img/ou_8.jpg", "description": "Огнетушитель ОУ-8 — переносной углекислотный огнетушитель с массой заряда огнетушащего вещества (ОТВ) 8 кг.\r\n\r\nБаллон огнетушителя наполнен двуокисью углерода и находится под давлением.\r\nУглекислотный огнетушитель ОУ-8 предназначен для защиты промышленных и гражданских объектов в качестве первичного средства тушения возгораний.\r\n\r\nМатериал корпуса: металл,  Длина выброса ОТВ: 4 м, Время выхода ОТВ: 15 сек, Мах масса заряженного огнетушителя: 24 кг, Масса заряда: 8 кг, Температура эксплуатации: от -40°С до 50°С, Габаритные размеры: 770 х 160 мм\r\n\r\nОгнетушитель порошковый ОУ-8 предназначен для защиты промышленных и гражданских объектов в качестве первичного средства тушения возгораний.\r\n\r\nУглекислотный огнетушитель ОУ-8 ВСЕ применяется для тушения в соответствии с классами пожара:\r\n•\tВ — пожары горючих жидкостей или плавящихся твердых веществ и материалов;\r\n•\tС — пожары газов;\r\n•\tЕ — пожары горючих веществ и материалов электроустановок, находящихся под напряжением.\r\n\r\nУглекислотные огнетушители ОУ-8 НЕ ПРЕДНАЗНАЧЕНЫ для тушения возгораний, соответствующих классу пожара А — пожары твердых горючих веществ и материалов.\r\n\r\nСрок службы - 10 лет.\r\nОгнетушитель необходимо перезаряжать после использования, либо по истечении срока 5 лет.\r\nГарантийный срок 1 год.", "created_at": "2024-07-22T18:08:20.141Z", "updated_at": "2024-09-07T13:34:17.651Z", "available": true, "slug": "ou-8-bce", "category": 1, "construction": 1, "fire_class": 6, "usage": 6, "rang_model_hearth": 18, "product_type": 2}}, {"model": "shop.product", "pk": 23, "fields": {"name": "ОУ-10 BCE", "product_code": 150022, "price": "4944", "image": "product_img/ou_10.jpg", "description": "Огнетушитель ОУ-10 — передвижной углекислотный огнетушитель с массой заряда огнетушащего вещества (ОТВ) 10 кг.\r\n\r\nБаллон огнетушителя наполнен двуокисью углерода и находится под давлением.\r\nУглекислотный огнетушитель ОУ-10 предназначен для защиты промышленных и гражданских объектов в качестве первичного средства тушения возгораний.\r\n\r\nМатериал корпуса: металл,  Длина выброса ОТВ: 4 м, Время выхода ОТВ: 15 сек, Мах масса заряженного огнетушителя: 35 кг, Масса заряда: 10 кг, Температура эксплуатации: от -40°С до 50°С, Габаритные размеры: 900 х 160 мм\r\n\r\nОгнетушитель порошковый ОУ-10 предназначен для защиты промышленных и гражданских объектов в качестве первичного средства тушения возгораний.\r\n\r\nУглекислотный огнетушитель ОУ-10 ВСЕ применяется для тушения в соответствии с классами пожара:\r\n•\tВ — пожары горючих жидкостей или плавящихся твердых веществ и материалов;\r\n•\tС — пожары газов;\r\n•\tЕ — пожары горючих веществ и материалов электроустановок, находящихся под напряжением.\r\n\r\nУглекислотные огнетушители ОУ-10 НЕ ПРЕДНАЗНАЧЕНЫ для тушения возгораний, соответствующих классу пожара А — пожары твердых горючих веществ и материалов.\r\n\r\nСрок службы - 10 лет.\r\nОгнетушитель необходимо перезаряжать после использования, либо по истечении срока 5 лет.\r\nГарантийный срок 1 год.", "created_at": "2024-07-22T18:11:56.209Z", "updated_at": "2024-09-07T13:30:18.411Z", "available": true, "slug": "ou-10-bce", "category": 1, "construction": 2, "fire_class": 6, "usage": 6, "rang_model_hearth": 17, "product_type": 2}}, {"model": "shop.product", "pk": 24, "fields": {"name": "ОУ-15 BCE", "product_code": 150023, "price": "6668", "image": "product_img/ou_15.jpg", "description": "Огнетушитель ОУ-15 — передвижной углекислотный огнетушитель с массой заряда огнетушащего вещества (ОТВ) 15 кг.\r\n\r\nБаллон огнетушителя наполнен двуокисью углерода и находится под давлением.\r\nУглекислотный огнетушитель ОУ-15 предназначен для защиты промышленных и гражданских объектов в качестве первичного средства тушения возгораний.\r\n\r\nМатериал корпуса: металл,  Длина выброса ОТВ: 4 м, Время выхода ОТВ: 15 сек, Мах масса заряженного огнетушителя: 50 кг, Масса заряда: 15 кг, Температура эксплуатации: от -40°С до 50°С, Габаритные размеры: 2 х Ø135х1000 мм\r\n\r\nОгнетушитель порошковый ОУ-15 предназначен для защиты промышленных и гражданских объектов в качестве первичного средства тушения возгораний.\r\n\r\nУглекислотный огнетушитель ОУ-15 ВСЕ применяется для тушения в соответствии с классами пожара:\r\n•\tВ — пожары горючих жидкостей или плавящихся твердых веществ и материалов;\r\n•\tС — пожары газов;\r\n•\tЕ — пожары горючих веществ и материалов электроустановок, находящихся под напряжением.\r\n\r\nУглекислотные огнетушители ОУ-15 НЕ ПРЕДНАЗНАЧЕНЫ для тушения возгораний, соответствующих классу пожара А — пожары твердых горючих веществ и материалов.\r\n\r\nСрок службы - 10 лет.\r\nОгнетушитель необходимо перезаряжать после использования, либо по истечении срока 5 лет.\r\nГарантийный срок 1 год.", "created_at": "2024-07-22T18:14:59.235Z", "updated_at": "2024-09-07T13:30:48.016Z", "available": true, "slug": "ou-15-bce", "category": 1, "construction": 2, "fire_class": 6, "usage": 6, "rang_model_hearth": 18, "product_type": 2}}, {"model": "shop.product", "pk": 25, "fields": {"name": "ОУ-20 BCE", "product_code": 150024, "price": "9297", "image": "product_img/ou_20.jpeg", "description": "Огнетушитель ОУ-20 — передвижной углекислотный огнетушитель с массой заряда огнетушащего вещества (ОТВ) 20 кг.\r\n\r\nБаллон огнетушителя наполнен двуокисью углерода и находится под давлением.\r\nУглекислотный огнетушитель ОУ-20 предназначен для защиты промышленных и гражданских объектов в качестве первичного средства тушения возгораний.\r\n\r\nМатериал корпуса: металл,  Длина выброса ОТВ: 4 м, Время выхода ОТВ: 15 сек, Мах масса заряженного огнетушителя: 70 кг, Масса заряда: 20 кг, Температура эксплуатации: от -40°С до 50°С, Габаритные размеры: 2 х Ø160х950 мм\r\nОгнетушитель порошковый ОУ-20 предназначен для защиты промышленных и гражданских объектов в качестве первичного средства тушения возгораний.\r\n\r\nУглекислотный огнетушитель ОУ-20 ВСЕ применяется для тушения в соответствии с классами пожара:\r\n•\tВ — пожары горючих жидкостей или плавящихся твердых веществ и материалов;\r\n•\tС — пожары газов;\r\n•\tЕ — пожары горючих веществ и материалов электроустановок, находящихся под напряжением.\r\n\r\nУглекислотные огнетушители ОУ-20 НЕ ПРЕДНАЗНАЧЕНЫ для тушения возгораний, соответствующих классу пожара А — пожары твердых горючих веществ и материалов.\r\n\r\nСрок службы - 10 лет.\r\nОгнетушитель необходимо перезаряжать после использования, либо по истечении срока 5 лет.\r\nГарантийный срок 1 год.", "created_at": "2024-07-22T18:17:15.636Z", "updated_at": "2024-09-07T13:31:58.942Z", "available": true, "slug": "ou-20-bce", "category": 1, "construction": 1, "fire_class": 6, "usage": 6, "rang_model_hearth": 18, "product_type": 2}}, {"model": "shop.product", "pk": 26, "fields": {"name": "ОУ-25 BCE", "product_code": 150025, "price": "11947", "image": "product_img/ou_25.png", "description": "Огнетушитель ОУ-25 — передвижной углекислотный огнетушитель с массой заряда огнетушащего вещества (ОТВ) 25 кг.\r\nБаллон огнетушителя наполнен двуокисью углерода и находится под давлением.\r\n\r\nУглекислотный огнетушитель ОУ-25 предназначен для защиты промышленных и гражданских объектов в качестве первичного средства тушения возгораний.\r\n\r\nМатериал корпуса: металл,  Длина выброса ОТВ: 4 м, Время выхода ОТВ: 15 сек, Мах масса заряженного огнетушителя: 115 кг, Масса заряда: 25 кг, Температура эксплуатации: от -40°С до 50°С, Габаритные размеры: 2 х Ø160х1100 мм\r\n\r\nОгнетушитель порошковый ОУ-25 предназначен для защиты промышленных и гражданских объектов в качестве первичного средства тушения возгораний.\r\n\r\nУглекислотный огнетушитель ОУ-25 ВСЕ применяется для тушения в соответствии с классами пожара:\r\n•\tВ — пожары горючих жидкостей или плавящихся твердых веществ и материалов;\r\n•\tС — пожары газов;\r\n•\tЕ — пожары горючих веществ и материалов электроустановок, находящихся под напряжением.\r\n\r\nУглекислотные огнетушители ОУ-25 НЕ ПРЕДНАЗНАЧЕНЫ для тушения возгораний, соответствующих классу пожара А — пожары твердых горючих веществ и материалов.\r\n\r\nСрок службы - 10 лет.\r\nОгнетушитель необходимо перезаряжать после использования, либо по истечении срока 5 лет.\r\nГарантийный срок 1 год.", "created_at": "2024-07-22T18:20:07.467Z", "updated_at": "2024-09-07T13:32:14.655Z", "available": true, "slug": "ou-25-bce", "category": 1, "construction": 2, "fire_class": 6, "usage": 6, "rang_model_hearth": 19, "product_type": 2}}, {"model": "shop.product", "pk": 27, "fields": {"name": "ОУ-40 BCE", "product_code": 150026, "price": "20007", "image": "product_img/ou_40.jpeg", "description": "Огнетушитель ОУ-40 — передвижной углекислотный огнетушитель с массой заряда огнетушащего вещества (ОТВ) 40 кг.\r\nБаллон огнетушителя наполнен двуокисью углерода и находится под давлением.\r\n\r\nУглекислотный огнетушитель ОУ-40 предназначен для защиты промышленных и гражданских объектов в качестве первичного средства тушения возгораний.\r\n\r\nМатериал корпуса: металл,  Длина выброса ОТВ: 4 м, Время выхода ОТВ: 20 сек, Мах масса заряженного огнетушителя: 150 кг, Масса заряда: 40 кг, Температура эксплуатации: от -40°С до 50°С, Габаритные размеры: 700х400х1550 мм\r\n\r\nОгнетушитель порошковый ОУ-40 предназначен для защиты промышленных и гражданских объектов в качестве первичного средства тушения возгораний.\r\n\r\nУглекислотный огнетушитель ОУ-40 ВСЕ применяется для тушения в соответствии с классами пожара:\r\n•\tВ — пожары горючих жидкостей или плавящихся твердых веществ и материалов;\r\n•\tС — пожары газов;\r\n•\tЕ — пожары горючих веществ и материалов электроустановок, находящихся под напряжением.\r\n\r\nУглекислотные огнетушители ОУ-40 НЕ ПРЕДНАЗНАЧЕНЫ для тушения возгораний, соответствующих классу пожара А — пожары твердых горючих веществ и материалов.\r\n\r\nСрок службы - 10 лет.\r\nОгнетушитель необходимо перезаряжать после использования, либо по истечении срока 5 лет.\r\nГарантийный срок 1 год.", "created_at": "2024-07-22T18:22:56.836Z", "updated_at": "2024-09-07T13:33:05.123Z", "available": true, "slug": "ou-40-bce", "category": 1, "construction": 2, "fire_class": 6, "usage": 6, "rang_model_hearth": 19, "product_type": 2}}, {"model": "shop.product", "pk": 28, "fields": {"name": "ОУ-50 BCE", "product_code": 150027, "price": "26162", "image": "product_img/ou_50.jpeg", "description": "Огнетушитель ОУ-50 — передвижной углекислотный огнетушитель с массой заряда огнетушащего вещества (ОТВ) 50 кг.\r\nБаллон огнетушителя наполнен двуокисью углерода и находится под давлением.\r\n\r\nУглекислотный огнетушитель ОУ-50 предназначен для защиты промышленных и гражданских объектов в качестве первичного средства тушения возгораний.\r\n\r\nМатериал корпуса: металл,  Длина выброса ОТВ: 4 м, Время выхода ОТВ: 20 сек, Мах масса заряженного огнетушителя: 220 кг, Масса заряда: 50 кг, Температура эксплуатации: от -40°С до 50°С, Габаритные размеры: 3 х Ø159х1400 мм\r\n\r\nОгнетушитель порошковый ОУ-50 предназначен для защиты промышленных и гражданских объектов в качестве первичного средства тушения возгораний.\r\n\r\nУглекислотный огнетушитель ОУ-50 ВСЕ применяется для тушения в соответствии с классами пожара:\r\n•\tВ — пожары горючих жидкостей или плавящихся твердых веществ и материалов;\r\n•\tС — пожары газов;\r\n•\tЕ — пожары горючих веществ и материалов электроустановок, находящихся под напряжением.\r\n\r\nУглекислотные огнетушители ОУ-50 НЕ ПРЕДНАЗНАЧЕНЫ для тушения возгораний, соответствующих классу пожара А — пожары твердых горючих веществ и материалов.\r\n\r\nСрок службы - 10 лет.\r\nОгнетушитель необходимо перезаряжать после использования, либо по истечении срока 5 лет.\r\nГарантийный срок 1 год.", "created_at": "2024-07-22T18:24:54.674Z", "updated_at": "2024-09-07T13:33:28.864Z", "available": true, "slug": "ou-50-bce", "category": 1, "construction": 2, "fire_class": 6, "usage": 6, "rang_model_hearth": 19, "product_type": 2}}, {"model": "shop.product", "pk": 29, "fields": {"name": "ОУ-55 BCE", "product_code": 150028, "price": "25534", "image": "product_img/ou_55.jpg", "description": "Огнетушитель ОУ-55 — передвижной углекислотный огнетушитель с массой заряда огнетушащего вещества (ОТВ) 55 кг.\r\nБаллон огнетушителя наполнен двуокисью углерода и находится под давлением.\r\n\r\nУглекислотный огнетушитель ОУ-55 предназначен для защиты промышленных и гражданских объектов в качестве первичного средства тушения возгораний.\r\n\r\nМатериал корпуса: металл,  Длина выброса ОТВ: 4 м, Время выхода ОТВ: 20 сек, Мах масса заряженного огнетушителя: 230 кг, Масса заряда: 55 кг, Температура эксплуатации: от -40°С до 50°С, Габаритные размеры: 3 х Ø159х1400 мм\r\nОгнетушитель порошковый ОУ-55 предназначен для защиты промышленных и гражданских объектов в качестве первичного средства тушения возгораний.\r\n\r\nУглекислотный огнетушитель ОУ-55 ВСЕ применяется для тушения в соответствии с классами пожара:\r\n•\tВ — пожары горючих жидкостей или плавящихся твердых веществ и материалов;\r\n•\tС — пожары газов;\r\n•\tЕ — пожары горючих веществ и материалов электроустановок, находящихся под напряжением.\r\n\r\nУглекислотные огнетушители ОУ-55 НЕ ПРЕДНАЗНАЧЕНЫ для тушения возгораний, соответствующих классу пожара А — пожары твердых горючих веществ и материалов.\r\n\r\nСрок службы - 10 лет.\r\nОгнетушитель необходимо перезаряжать после использования, либо по истечении срока 5 лет.\r\nГарантийный срок 1 год.", "created_at": "2024-07-22T18:27:57.288Z", "updated_at": "2024-09-07T13:33:43.363Z", "available": true, "slug": "ou-55-bce", "category": 1, "construction": 2, "fire_class": 6, "usage": 6, "rang_model_hearth": 20, "product_type": 2}}, {"model": "shop.product", "pk": 30, "fields": {"name": "П-15 “Урна”", "product_code": 150029, "price": "254", "image": "product_img/p_15.jpg", "description": "Подставка под огнетушитель П-15 “Урна” – предназначена для напольного хранения переносных огнетушителей диаметром до 160 мм. Подходит для размещения огнетушителей:\r\n•\tпорошковых ОП-4, ОП-5, ОП-6\r\n•\tуглекислотных ОУ-3, ОУ-4, ОУ-5\r\n•\tвоздушно-пенного ОВП-4\r\n•\tвоздушно-эмульсионных ОВЭ-4, ОВЭ-5\r\nМатериал корпуса: металл, Габаритные размеры: 380x200x200\r\nПодставка под огнетушитель “Урна” П-15 изготовлена из стального листа гнуто-сварным способом. Имеет влаго-морозостойкое порошковое покрытие. Цвет - красный. Преимущества – надежная фиксация огнетушителя, легкий вес, низкая цена.", "created_at": "2024-07-31T17:56:48.745Z", "updated_at": "2024-10-12T11:19:19.458Z", "available": true, "slug": "p-15-urna", "category": 2, "construction": 5, "fire_class": 7, "usage": 26, "rang_model_hearth": 21, "product_type": 4}}, {"model": "shop.product", "pk": 31, "fields": {"name": "П-20 “Урна - max", "product_code": 150030, "price": "280", "image": "product_img/p_20.jpg", "description": "Подставка под огнетушитель П-20 “Урна - max” – предназначена для напольного хранения переносных огнетушителей диаметром до 190 мм. \r\n\r\nПодходит для размещения огнетушителей:\r\nпорошковых ОП-8, ОП-10 \r\nвоздушно-пенных ОВП-8, ОВП-10\r\nвоздушно-эмульсионного ОВЭ-6\r\n\r\nПодставка под огнетушитель “Урна” П-20 изготовлена из стального листа гнуто-сварным способом. Имеет влаго-морозостойкое порошковое покрытие. Цвет - красный. Преимущества – надежная фиксация огнетушителя, легкий вес, низкая цена.", "created_at": "2024-09-04T15:46:02.683Z", "updated_at": "2024-10-12T11:19:32.439Z", "available": true, "slug": "p-20-urna-max", "category": 2, "construction": 5, "fire_class": null, "usage": 26, "rang_model_hearth": null, "product_type": 4}}, {"model": "shop.product", "pk": 32, "fields": {"name": "Балтика-01", "product_code": 150031, "price": "72", "image": "product_img/baltica-01.jpg", "description": "Кронштейн для огнетушителя настенный (универсальный) – предназначен для крепления переносных огнетушителей подвесным способом. Крепеж подходит для огнетушителей производства \"Ярпожинвест\", \"Огнеборец\", \"Пожнанотех\" и \"Русинтэк\":\r\n\r\n•\tпорошковых ОП-2, ОП-3, ОП-4, ОП-5, ОП-6 \r\n•\tуглекислотных ОУ-1, ОУ-2, ОУ-3 \r\n•\tвоздушно-пенного ОВП-4\r\n•\tвоздушно-эмульсионных ОВЭ-2, ОВЭ-4, ОВЭ-5\r\n\r\nКронштейн имеет специальные выемки: круглая выемка – под шланг, прямоугольные – под рычаг запорно-пускового устройства. Имеет влаго-морозостойкое порошковое покрытие. Цвет – красный. Преимущества – небольшие габаритные размеры, легкий вес, низкая цена", "created_at": "2024-09-21T15:19:37.315Z", "updated_at": "2024-10-12T11:18:55.885Z", "available": true, "slug": "baltika-01", "category": 2, "construction": 4, "fire_class": null, "usage": 27, "rang_model_hearth": null, "product_type": 5}}, {"model": "shop.product", "pk": 33, "fields": {"name": "H3", "product_code": 150032, "price": "36", "image": "product_img/H3.jpg", "description": "Кронштейн НЗ настенный универсальный под ручку огнетушителя предназначен для крепления на стене огнетушителя весом до 10 кг.\r\n\r\nОгнетушитель навешивается на кронштейн запорно-пусковым устройством.\r\n\r\nКронштейн подходит для крепления на различных поверхностях.", "created_at": "2024-09-21T15:21:08.726Z", "updated_at": "2024-10-12T11:22:12.318Z", "available": true, "slug": "kronshtejn-h3", "category": 2, "construction": 4, "fire_class": null, "usage": 15, "rang_model_hearth": null, "product_type": 5}}, {"model": "orders.order", "pk": 1, "fields": {"first_name": "Сергей", "last_name": "Петров", "email": "alextofry@rambler.ru", "phone_number": "8(234)678-43-11", "shipping_address": 2, "created_at": "2024-12-05T09:28:03.278Z", "updated_at": "2024-12-05T09:28:03.278Z", "paid": false, "user": 35, "status": "active"}}, {"model": "orders.order", "pk": 2, "fields": {"first_name": "Сергей", "last_name": "Петров", "email": "alextofry@rambler.ru", "phone_number": "8(234)678-43-11", "shipping_address": 2, "created_at": "2024-12-05T09:31:16.397Z", "updated_at": "2024-12-05T09:31:16.398Z", "paid": false, "user": 35, "status": "active"}}, {"model": "orders.order", "pk": 3, "fields": {"first_name": "Сергей", "last_name": "Петров", "email": "alextofry@rambler.ru", "phone_number": "8(234)678-43-11", "shipping_address": 2, "created_at": "2024-12-05T09:32:16.519Z", "updated_at": "2024-12-05T09:32:16.519Z", "paid": false, "user": 35, "status": "active"}}, {"model": "orders.order", "pk": 4, "fields": {"first_name": "Сергей", "last_name": "Петров", "email": "alextofry@rambler.ru", "phone_number": "8(234)678-43-11", "shipping_address": 2, "created_at": "2024-12-05T09:33:00.503Z", "updated_at": "2024-12-05T09:33:00.503Z", "paid": false, "user": 35, "status": "active"}}, {"model": "orders.order", "pk": 5, "fields": {"first_name": "Сергей", "last_name": "Петров", "email": "alextofry@rambler.ru", "phone_number": "8(234)678-43-11", "shipping_address": 3, "created_at": "2024-12-05T09:33:48.690Z", "updated_at": "2024-12-05T09:33:48.690Z", "paid": false, "user": 35, "status": "active"}}, {"model": "orders.order", "pk": 6, "fields": {"first_name": "Сергей", "last_name": "Петров", "email": "alextofry@rambler.ru", "phone_number": "8(234)678-43-11", "shipping_address": 3, "created_at": "2024-12-05T09:34:08.880Z", "updated_at": "2024-12-05T09:34:08.880Z", "paid": false, "user": 35, "status": "active"}}, {"model": "orders.order", "pk": 7, "fields": {"first_name": "Олег", "last_name": "Соколов", "email": "aaa@gmail.com", "phone_number": "567-45-23", "shipping_address": 4, "created_at": "2024-12-05T09:40:12.533Z", "updated_at": "2024-12-05T09:40:12.533Z", "paid": false, "user": 36, "status": "active"}}, {"model": "orders.order", "pk": 8, "fields": {"first_name": "Олег", "last_name": "Соколов", "email": "aaa@gmail.com", "phone_number": "567-45-23", "shipping_address": 4, "created_at": "2024-12-05T09:40:29.444Z", "updated_at": "2024-12-05T09:40:29.444Z", "paid": false, "user": 36, "status": "active"}}, {"model": "orders.orderitem", "pk": 1, "fields": {"order": 1, "product": 9, "price": "1068.00", "quantity": 1}}, {"model": "orders.orderitem", "pk": 2, "fields": {"order": 5, "product": 9, "price": "1068.00", "quantity": 1}}, {"model": "orders.orderitem", "pk": 3, "fields": {"order": 7, "product": 10, "price": "3859.00", "quantity": 1}}, {"model": "accounts.address", "pk": 1, "fields": {"user": 35, "country": "Россия", "region": "СПб", "city": "Санкт Петербург", "street": "Моя улица", "house_number": "5", "litter_number": "3", "apartments_number": "3", "floor": "6", "elevator": true, "intercom": true, "postal_code": "435789"}}, {"model": "accounts.address", "pk": 2, "fields": {"user": 35, "country": "Россия", "region": "СПб", "city": "Санкт Петербург", "street": "Моя улица", "house_number": "5", "litter_number": "3", "apartments_number": "3", "floor": "6", "elevator": true, "intercom": true, "postal_code": "435789"}}, {"model": "accounts.address", "pk": 3, "fields": {"user": 35, "country": "Россия", "region": "СПб", "city": "Санкт Петербург", "street": "Степана Скворцова", "house_number": "8", "litter_number": "7", "apartments_number": "56", "floor": "14", "elevator": true, "intercom": true, "postal_code": "234789"}}, {"model": "accounts.address", "pk": 4, "fields": {"user": 36, "country": "Россия", "region": "СПб", "city": "Санкт-Петербург", "street": "Московская", "house_number": "67", "litter_number": "А5", "apartments_number": "456", "floor": "16", "elevator": true, "intercom": true, "postal_code": "123456"}}, {"model": "accounts.address", "pk": 5, "fields": {"user": 37, "country": "Россия", "region": "СПб", "city": "Санкт-Петербург", "street": "Первая", "house_number": "6", "litter_number": "6", "apartments_number": "8", "floor": "4", "elevator": false, "intercom": false, "postal_code": "234234"}}, {"model": "accounts.profile", "pk": 1, "fields": {"user": 34, "phone_number": "", "birth_date": null, "gender": ""}}, {"model": "accounts.profile", "pk": 2, "fields": {"user": 35, "phone_number": "34345345", "birth_date": "2024-12-01", "gender": "Мужской"}}, {"model": "accounts.profile", "pk": 3, "fields": {"user": 36, "phone_number": "", "birth_date": "2024-11-25", "gender": ""}}, {"model": "accounts.profile", "pk": 4, "fields": {"user": 37, "phone_number": "567-45-23", "birth_date": "2024-12-01", "gender": "Женский"}}]